"","fecha","estacion","pm25","lat","lon"
"1",2024-01-01,"06_037_1103",15.96145825,34.06659,-118.22688
"2",2024-01-01,"06_037_1201",29.2,34.19925,-118.53276
"3",2024-01-01,"06_037_1302",33.3305556666667,33.901389,-118.205
"4",2024-01-01,"06_037_1602",17.1,34.01029,-118.0685
"5",2024-01-01,"06_037_2005",9.5,34.1326,-118.1272
"6",2024-01-01,"06_037_4008",34.7115943333333,33.859662,-118.200707
"7",2024-01-01,"06_037_4009",25.9020835,33.793713,-118.171019
"8",2024-01-01,"06_037_9035",3,34.725389,-118.178601
"9",2024-01-02,"06_037_1103",13.0125,34.06659,-118.22688
"10",2024-01-02,"06_037_1302",16.9152776666667,33.901389,-118.205
"11",2024-01-02,"06_037_4008",17.7811593333333,33.859662,-118.200707
"12",2024-01-02,"06_037_4009",12.1375,33.793713,-118.171019
"13",2024-01-02,"06_037_9035",5.225,34.725389,-118.178601
"14",2024-01-03,"06_037_1103",8.04166666666667,34.06659,-118.22688
"15",2024-01-03,"06_037_1302",10.0944443333333,33.901389,-118.205
"16",2024-01-03,"06_037_4008",12.5972223333333,33.859662,-118.200707
"17",2024-01-03,"06_037_4009",5.5145835,33.793713,-118.171019
"18",2024-01-03,"06_037_9035",1.302174,34.725389,-118.178601
"19",2024-01-04,"06_037_1103",6.075,34.06659,-118.22688
"20",2024-01-04,"06_037_1201",1.5,34.19925,-118.53276
"21",2024-01-04,"06_037_1302",8.29166666666667,33.901389,-118.205
"22",2024-01-04,"06_037_1602",6.9,34.01029,-118.0685
"23",2024-01-04,"06_037_2005",4.2,34.1326,-118.1272
"24",2024-01-04,"06_037_4008",10.2527776666667,33.859662,-118.200707
"25",2024-01-04,"06_037_4009",4.3020835,33.793713,-118.171019
"26",2024-01-04,"06_037_9035",0.7458335,34.725389,-118.178601
"27",2024-01-05,"06_037_1103",9.8625,34.06659,-118.22688
"28",2024-01-05,"06_037_1302",13.0097223333333,33.901389,-118.205
"29",2024-01-05,"06_037_4008",17.1694443333333,33.859662,-118.200707
"30",2024-01-05,"06_037_4009",9.6229165,33.793713,-118.171019
"31",2024-01-05,"06_037_9035",5.8375,34.725389,-118.178601
"32",2024-01-06,"06_037_1103",10.501389,34.06659,-118.22688
"33",2024-01-06,"06_037_1302",15.8958333333333,33.901389,-118.205
"34",2024-01-06,"06_037_4008",17.8041666666667,33.859662,-118.200707
"35",2024-01-06,"06_037_4009",11.3354165,33.793713,-118.171019
"36",2024-01-06,"06_037_9035",5.4291665,34.725389,-118.178601
"37",2024-01-07,"06_037_1103",2.89270825,34.06659,-118.22688
"38",2024-01-07,"06_037_1201",2.1,34.19925,-118.53276
"39",2024-01-07,"06_037_1302",2.59583333333333,33.901389,-118.205
"40",2024-01-07,"06_037_1602",2.2,34.01029,-118.0685
"41",2024-01-07,"06_037_2005",2,34.1326,-118.1272
"42",2024-01-07,"06_037_4008",6.15416666666667,33.859662,-118.200707
"43",2024-01-07,"06_037_4009",1.93194433333333,33.793713,-118.171019
"44",2024-01-07,"06_037_9035",1.3166665,34.725389,-118.178601
"45",2024-01-08,"06_037_1103",6.35555566666667,34.06659,-118.22688
"46",2024-01-08,"06_037_1302",6.49166666666667,33.901389,-118.205
"47",2024-01-08,"06_037_4008",10.6694443333333,33.859662,-118.200707
"48",2024-01-08,"06_037_4009",6.6166665,33.793713,-118.171019
"49",2024-01-08,"06_037_9035",2.3375,34.725389,-118.178601
"50",2024-01-09,"06_037_1103",8.873611,34.06659,-118.22688
"51",2024-01-09,"06_037_1302",13.973611,33.901389,-118.205
"52",2024-01-09,"06_037_4008",17.425,33.859662,-118.200707
"53",2024-01-09,"06_037_4009",10.5104165,33.793713,-118.171019
"54",2024-01-09,"06_037_9035",1.3375,34.725389,-118.178601
"55",2024-01-10,"06_037_1103",13.1616666666667,34.06659,-118.22688
"56",2024-01-10,"06_037_1201",9.6,34.19925,-118.53276
"57",2024-01-10,"06_037_1302",14.351389,33.901389,-118.205
"58",2024-01-10,"06_037_1602",12.9,34.01029,-118.0685
"59",2024-01-10,"06_037_2005",10.1,34.1326,-118.1272
"60",2024-01-10,"06_037_4008",16.7694443333333,33.859662,-118.200707
"61",2024-01-10,"06_037_4009",8.211905,33.793713,-118.171019
"62",2024-01-10,"06_037_9035",4,34.725389,-118.178601
"63",2024-01-11,"06_037_1103",5.413889,34.06659,-118.22688
"64",2024-01-11,"06_037_1302",5.79722233333333,33.901389,-118.205
"65",2024-01-11,"06_037_4008",8.11527766666667,33.859662,-118.200707
"66",2024-01-11,"06_037_4009",4.0479165,33.793713,-118.171019
"67",2024-01-11,"06_037_9035",1.0434785,34.725389,-118.178601
"68",2024-01-12,"06_037_1103",9.02083333333333,34.06659,-118.22688
"69",2024-01-12,"06_037_1302",13.225,33.901389,-118.205
"70",2024-01-12,"06_037_4008",15.326389,33.859662,-118.200707
"71",2024-01-12,"06_037_4009",9.4354165,33.793713,-118.171019
"72",2024-01-12,"06_037_9035",0.7458335,34.725389,-118.178601
"73",2024-01-13,"06_037_1103",14.65,34.06659,-118.22688
"74",2024-01-13,"06_037_1201",17,34.19925,-118.53276
"75",2024-01-13,"06_037_1302",24.4652776666667,33.901389,-118.205
"76",2024-01-13,"06_037_1602",14.8,34.01029,-118.0685
"77",2024-01-13,"06_037_2005",12.2,34.1326,-118.1272
"78",2024-01-13,"06_037_4008",22.5333333333333,33.859662,-118.200707
"79",2024-01-13,"06_037_4009",15.6229165,33.793713,-118.171019
"80",2024-01-13,"06_037_9035",2.0208335,34.725389,-118.178601
"81",2024-01-14,"06_037_1103",18.3791666666667,34.06659,-118.22688
"82",2024-01-14,"06_037_1302",23.6277776666667,33.901389,-118.205
"83",2024-01-14,"06_037_4008",25.976389,33.859662,-118.200707
"84",2024-01-14,"06_037_4009",16.9291665,33.793713,-118.171019
"85",2024-01-14,"06_037_9035",0.8375,34.725389,-118.178601
"86",2024-01-15,"06_037_1103",23.4666666666667,34.06659,-118.22688
"87",2024-01-15,"06_037_1302",28.101389,33.901389,-118.205
"88",2024-01-15,"06_037_4008",27.7694443333333,33.859662,-118.200707
"89",2024-01-15,"06_037_4009",17.8395835,33.793713,-118.171019
"90",2024-01-15,"06_037_9035",1.725,34.725389,-118.178601
"91",2024-01-16,"06_037_1103",21.525,34.06659,-118.22688
"92",2024-01-16,"06_037_1201",14.6,34.19925,-118.53276
"93",2024-01-16,"06_037_1302",29.4208333333333,33.901389,-118.205
"94",2024-01-16,"06_037_1602",29.1,34.01029,-118.0685
"95",2024-01-16,"06_037_2005",14.5,34.1326,-118.1272
"96",2024-01-16,"06_037_4008",30.789394,33.859662,-118.200707
"97",2024-01-16,"06_037_4009",22.84375,33.793713,-118.171019
"98",2024-01-16,"06_037_9035",1.9291665,34.725389,-118.178601
"99",2024-01-17,"06_037_1103",24.4458333333333,34.06659,-118.22688
"100",2024-01-17,"06_037_1302",23.8916666666667,33.901389,-118.205
"101",2024-01-17,"06_037_4008",24.1833333333333,33.859662,-118.200707
"102",2024-01-17,"06_037_4009",14.6166665,33.793713,-118.171019
"103",2024-01-17,"06_037_9035",0.4083335,34.725389,-118.178601
"104",2024-01-18,"06_037_1103",20.0625,34.06659,-118.22688
"105",2024-01-18,"06_037_1302",16.6291666666667,33.901389,-118.205
"106",2024-01-18,"06_037_4008",17.4291666666667,33.859662,-118.200707
"107",2024-01-18,"06_037_4009",9.2270835,33.793713,-118.171019
"108",2024-01-18,"06_037_9035",1.225,34.725389,-118.178601
"109",2024-01-19,"06_037_1103",18.86458325,34.06659,-118.22688
"110",2024-01-19,"06_037_1201",19,34.19925,-118.53276
"111",2024-01-19,"06_037_1302",19.3904763333333,33.901389,-118.205
"112",2024-01-19,"06_037_1602",21.6,34.01029,-118.0685
"113",2024-01-19,"06_037_2005",15.1,34.1326,-118.1272
"114",2024-01-19,"06_037_4008",19.7847223333333,33.859662,-118.200707
"115",2024-01-19,"06_037_4009",14.8416666666667,33.793713,-118.171019
"116",2024-01-19,"06_037_9035",1.9291665,34.725389,-118.178601
"117",2024-01-20,"06_037_1103",12.1069443333333,34.06659,-118.22688
"118",2024-01-20,"06_037_1302",14.011111,33.901389,-118.205
"119",2024-01-20,"06_037_4008",13.5166666666667,33.859662,-118.200707
"120",2024-01-20,"06_037_4009",7.30625,33.793713,-118.171019
"121",2024-01-20,"06_037_9035",2.725,34.725389,-118.178601
"122",2024-01-21,"06_037_1103",6.53055566666667,34.06659,-118.22688
"123",2024-01-21,"06_037_1302",7.125,33.901389,-118.205
"124",2024-01-21,"06_037_4008",8.30972233333333,33.859662,-118.200707
"125",2024-01-21,"06_037_4009",1.5,33.793713,-118.171019
"126",2024-01-21,"06_037_9035",0.8166665,34.725389,-118.178601
"127",2024-01-22,"06_037_1103",4.84305566666667,34.06659,-118.22688
"128",2024-01-22,"06_037_1201",3.9,34.19925,-118.53276
"129",2024-01-22,"06_037_1302",4.76666666666667,33.901389,-118.205
"130",2024-01-22,"06_037_1602",5.5,34.01029,-118.0685
"131",2024-01-22,"06_037_2005",4.5,34.1326,-118.1272
"132",2024-01-22,"06_037_4008",8.173611,33.859662,-118.200707
"133",2024-01-22,"06_037_4009",2.5104165,33.793713,-118.171019
"134",2024-01-22,"06_037_9035",1.5,34.725389,-118.178601
"135",2024-01-23,"06_037_1103",8.60416666666667,34.06659,-118.22688
"136",2024-01-23,"06_037_1302",8.65694433333333,33.901389,-118.205
"137",2024-01-23,"06_037_4008",12.7652776666667,33.859662,-118.200707
"138",2024-01-23,"06_037_4009",6.2354165,33.793713,-118.171019
"139",2024-01-23,"06_037_9035",0.6333335,34.725389,-118.178601
"140",2024-01-24,"06_037_1103",9.45833333333333,34.06659,-118.22688
"141",2024-01-24,"06_037_1302",8.99722233333333,33.901389,-118.205
"142",2024-01-24,"06_037_4008",11.5319443333333,33.859662,-118.200707
"143",2024-01-24,"06_037_4009",5.53125,33.793713,-118.171019
"144",2024-01-24,"06_037_9035",4.1333335,34.725389,-118.178601
"145",2024-01-25,"06_037_1103",7.91458325,34.06659,-118.22688
"146",2024-01-25,"06_037_1201",5.5,34.19925,-118.53276
"147",2024-01-25,"06_037_1302",5.70416666666667,33.901389,-118.205
"148",2024-01-25,"06_037_1602",5.9,34.01029,-118.0685
"149",2024-01-25,"06_037_2005",4.9,34.1326,-118.1272
"150",2024-01-25,"06_037_4008",9.37083333333333,33.859662,-118.200707
"151",2024-01-25,"06_037_4009",3.0458335,33.793713,-118.171019
"152",2024-01-25,"06_037_9035",0.8166665,34.725389,-118.178601
"153",2024-01-26,"06_037_1103",9.2375,34.06659,-118.22688
"154",2024-01-26,"06_037_1302",13.325,33.901389,-118.205
"155",2024-01-26,"06_037_4008",15.026389,33.859662,-118.200707
"156",2024-01-26,"06_037_4009",8.9041665,33.793713,-118.171019
"157",2024-01-26,"06_037_9035",3.3375,34.725389,-118.178601
"158",2024-01-27,"06_037_1103",9.85555566666667,34.06659,-118.22688
"159",2024-01-27,"06_037_1302",14.6555556666667,33.901389,-118.205
"160",2024-01-27,"06_037_4008",17.0958333333333,33.859662,-118.200707
"161",2024-01-27,"06_037_4009",9.7,33.793713,-118.171019
"162",2024-01-27,"06_037_9035",0.8375,34.725389,-118.178601
"163",2024-01-28,"06_037_1103",8.773611,34.06659,-118.22688
"164",2024-01-28,"06_037_1201",4.2,34.19925,-118.53276
"165",2024-01-28,"06_037_1302",17.048611,33.901389,-118.205
"166",2024-01-28,"06_037_1602",8.1,34.01029,-118.0685
"167",2024-01-28,"06_037_2005",5.2,34.1326,-118.1272
"168",2024-01-28,"06_037_4008",18.625,33.859662,-118.200707
"169",2024-01-28,"06_037_4009",10.51875,33.793713,-118.171019
"170",2024-01-28,"06_037_9035",0.7041665,34.725389,-118.178601
"171",2024-01-29,"06_037_1103",8.211111,34.06659,-118.22688
"172",2024-01-29,"06_037_1302",11.8597223333333,33.901389,-118.205
"173",2024-01-29,"06_037_4008",14.9902776666667,33.859662,-118.200707
"174",2024-01-29,"06_037_4009",9.8375,33.793713,-118.171019
"175",2024-01-29,"06_037_9035",0.2041665,34.725389,-118.178601
"176",2024-01-30,"06_037_1103",11.4166665,34.06659,-118.22688
"177",2024-01-30,"06_037_1302",16.6402776666667,33.901389,-118.205
"178",2024-01-30,"06_037_4008",17.1277776666667,33.859662,-118.200707
"179",2024-01-30,"06_037_4009",11.3125,33.793713,-118.171019
"180",2024-01-30,"06_037_9035",0.8166665,34.725389,-118.178601
"181",2024-01-31,"06_037_1103",14.571875,34.06659,-118.22688
"182",2024-01-31,"06_037_1201",14.2,34.19925,-118.53276
"183",2024-01-31,"06_037_1302",16.261111,33.901389,-118.205
"184",2024-01-31,"06_037_1602",15.8,34.01029,-118.0685
"185",2024-01-31,"06_037_2005",9.5,34.1326,-118.1272
"186",2024-01-31,"06_037_4008",15.4083333333333,33.859662,-118.200707
"187",2024-01-31,"06_037_4009",9.76944433333333,33.793713,-118.171019
"188",2024-01-31,"06_037_9035",2.9083335,34.725389,-118.178601
"189",2024-02-01,"06_037_1103",5.798611,34.06659,-118.22688
"190",2024-02-01,"06_037_1302",5.23333333333333,33.901389,-118.205
"191",2024-02-01,"06_037_4008",7.60833333333333,33.859662,-118.200707
"192",2024-02-01,"06_037_4009",4.0333335,33.793713,-118.171019
"193",2024-02-01,"06_037_9035",1.4291665,34.725389,-118.178601
"194",2024-02-02,"06_037_1103",7.513889,34.06659,-118.22688
"195",2024-02-02,"06_037_1302",7.6,33.901389,-118.205
"196",2024-02-02,"06_037_4008",8.398611,33.859662,-118.200707
"197",2024-02-02,"06_037_4009",1.7125,33.793713,-118.171019
"198",2024-02-02,"06_037_9035",0.725,34.725389,-118.178601
"199",2024-02-03,"06_037_1103",6.91666666666667,34.06659,-118.22688
"200",2024-02-03,"06_037_1201",6.3,34.19925,-118.53276
"201",2024-02-03,"06_037_1302",6.7,33.901389,-118.205
"202",2024-02-03,"06_037_1602",5.2,34.01029,-118.0685
"203",2024-02-03,"06_037_4008",9.44444433333333,33.859662,-118.200707
"204",2024-02-03,"06_037_4009",5.91875,33.793713,-118.171019
"205",2024-02-03,"06_037_9035",3.1125,34.725389,-118.178601
"206",2024-02-04,"06_037_1103",4.3,34.06659,-118.22688
"207",2024-02-04,"06_037_1302",4.2,33.901389,-118.205
"208",2024-02-04,"06_037_4008",8.16527766666667,33.859662,-118.200707
"209",2024-02-04,"06_037_4009",3.10625,33.793713,-118.171019
"210",2024-02-04,"06_037_9035",1.1125,34.725389,-118.178601
"211",2024-02-05,"06_037_1103",3.24444433333333,34.06659,-118.22688
"212",2024-02-05,"06_037_1302",3.6,33.901389,-118.205
"213",2024-02-05,"06_037_4008",6.50972233333333,33.859662,-118.200707
"214",2024-02-05,"06_037_4009",1.90625,33.793713,-118.171019
"215",2024-02-05,"06_037_9035",0.7458335,34.725389,-118.178601
"216",2024-02-06,"06_037_1103",4.86354175,34.06659,-118.22688
"217",2024-02-06,"06_037_1201",3.6,34.19925,-118.53276
"218",2024-02-06,"06_037_1302",6,33.901389,-118.205
"219",2024-02-06,"06_037_1602",3.6,34.01029,-118.0685
"220",2024-02-06,"06_037_2005",2.2,34.1326,-118.1272
"221",2024-02-06,"06_037_4008",9.97777766666667,33.859662,-118.200707
"222",2024-02-06,"06_037_4009",2.8166665,33.793713,-118.171019
"223",2024-02-06,"06_037_9035",0.0416665,34.725389,-118.178601
"224",2024-02-07,"06_037_1103",5.036111,34.06659,-118.22688
"225",2024-02-07,"06_037_1302",4.323077,33.901389,-118.205
"226",2024-02-07,"06_037_4008",11.421212,33.859662,-118.200707
"227",2024-02-07,"06_037_4009",6.1,33.793713,-118.171019
"228",2024-02-07,"06_037_9035",1.7041665,34.725389,-118.178601
"229",2024-02-08,"06_037_1103",4.87777766666667,34.06659,-118.22688
"230",2024-02-08,"06_037_1302",4.94166666666667,33.901389,-118.205
"231",2024-02-08,"06_037_4008",8.55555566666667,33.859662,-118.200707
"232",2024-02-08,"06_037_4009",3.1083335,33.793713,-118.171019
"233",2024-02-08,"06_037_9035",0.7363635,34.725389,-118.178601
"234",2024-02-09,"06_037_1103",3.90833333333333,34.06659,-118.22688
"235",2024-02-09,"06_037_1201",4.6,34.19925,-118.53276
"236",2024-02-09,"06_037_1302",4.59722233333333,33.901389,-118.205
"237",2024-02-09,"06_037_1602",5.2,34.01029,-118.0685
"238",2024-02-09,"06_037_2005",3.7,34.1326,-118.1272
"239",2024-02-09,"06_037_4008",7.37222233333333,33.859662,-118.200707
"240",2024-02-09,"06_037_4009",3.7285715,33.793713,-118.171019
"241",2024-02-09,"06_037_9035",2.725,34.725389,-118.178601
"242",2024-02-10,"06_037_1103",6.78055566666667,34.06659,-118.22688
"243",2024-02-10,"06_037_1302",10.2916666666667,33.901389,-118.205
"244",2024-02-10,"06_037_4008",12.4902776666667,33.859662,-118.200707
"245",2024-02-10,"06_037_4009",7.925,33.793713,-118.171019
"246",2024-02-10,"06_037_9035",2.1125,34.725389,-118.178601
"247",2024-02-11,"06_037_1103",7.388889,34.06659,-118.22688
"248",2024-02-11,"06_037_1302",13.0194443333333,33.901389,-118.205
"249",2024-02-11,"06_037_4008",13.2041666666667,33.859662,-118.200707
"250",2024-02-11,"06_037_4009",6.2369565,33.793713,-118.171019
"251",2024-02-11,"06_037_9035",1.6125,34.725389,-118.178601
"252",2024-02-12,"06_037_1103",8.38229175,34.06659,-118.22688
"253",2024-02-12,"06_037_1201",6.3,34.19925,-118.53276
"254",2024-02-12,"06_037_1302",12.1222223333333,33.901389,-118.205
"255",2024-02-12,"06_037_1602",9.1,34.01029,-118.0685
"256",2024-02-12,"06_037_2005",5,34.1326,-118.1272
"257",2024-02-12,"06_037_4008",15.8791666666667,33.859662,-118.200707
"258",2024-02-12,"06_037_4009",12.0541666666667,33.793713,-118.171019
"259",2024-02-12,"06_037_9035",0.4083335,34.725389,-118.178601
"260",2024-02-13,"06_037_1103",9.63333333333333,34.06659,-118.22688
"261",2024-02-13,"06_037_1302",12.9347223333333,33.901389,-118.205
"262",2024-02-13,"06_037_4008",14.636111,33.859662,-118.200707
"263",2024-02-13,"06_037_4009",9.6270835,33.793713,-118.171019
"264",2024-02-13,"06_037_9035",1.9083335,34.725389,-118.178601
"265",2024-02-14,"06_037_1103",13.3375,34.06659,-118.22688
"266",2024-02-14,"06_037_1302",10.8527776666667,33.901389,-118.205
"267",2024-02-14,"06_037_4008",14.760606,33.859662,-118.200707
"268",2024-02-14,"06_037_4009",7.7458335,33.793713,-118.171019
"269",2024-02-14,"06_037_9035",4.8130435,34.725389,-118.178601
"270",2024-02-15,"06_037_1103",9.011111,34.06659,-118.22688
"271",2024-02-15,"06_037_1201",4.7,34.19925,-118.53276
"272",2024-02-15,"06_037_1302",10.5458333333333,33.901389,-118.205
"273",2024-02-15,"06_037_1602",11,34.01029,-118.0685
"274",2024-02-15,"06_037_2005",9.2,34.1326,-118.1272
"275",2024-02-15,"06_037_4008",13.323611,33.859662,-118.200707
"276",2024-02-15,"06_037_4009",5.625,33.793713,-118.171019
"277",2024-02-15,"06_037_9035",2.5416665,34.725389,-118.178601
"278",2024-02-16,"06_037_1103",15.863889,34.06659,-118.22688
"279",2024-02-16,"06_037_1302",13.8,33.901389,-118.205
"280",2024-02-16,"06_037_4008",15.4652776666667,33.859662,-118.200707
"281",2024-02-16,"06_037_4009",9.94375,33.793713,-118.171019
"282",2024-02-16,"06_037_9035",2.3375,34.725389,-118.178601
"283",2024-02-17,"06_037_1103",23.711111,34.06659,-118.22688
"284",2024-02-17,"06_037_1302",20.3930556666667,33.901389,-118.205
"285",2024-02-17,"06_037_4008",19.1652776666667,33.859662,-118.200707
"286",2024-02-17,"06_037_4009",9.4104165,33.793713,-118.171019
"287",2024-02-17,"06_037_9035",3.0416665,34.725389,-118.178601
"288",2024-02-18,"06_037_1103",7.765625,34.06659,-118.22688
"289",2024-02-18,"06_037_1201",2.9,34.19925,-118.53276
"290",2024-02-18,"06_037_1302",6.75,33.901389,-118.205
"291",2024-02-18,"06_037_1602",5.4,34.01029,-118.0685
"292",2024-02-18,"06_037_2005",6.5,34.1326,-118.1272
"293",2024-02-18,"06_037_4008",9.5125,33.859662,-118.200707
"294",2024-02-18,"06_037_4009",3.7395835,33.793713,-118.171019
"295",2024-02-18,"06_037_9035",1.4291665,34.725389,-118.178601
"296",2024-02-19,"06_037_1103",3.0375,34.06659,-118.22688
"297",2024-02-19,"06_037_1302",2.73472233333333,33.901389,-118.205
"298",2024-02-19,"06_037_4008",7.00833333333333,33.859662,-118.200707
"299",2024-02-19,"06_037_4009",1.2,33.793713,-118.171019
"300",2024-02-19,"06_037_9035",0.5,34.725389,-118.178601
"301",2024-02-20,"06_037_1103",3.5875,34.06659,-118.22688
"302",2024-02-20,"06_037_1302",2.03472233333333,33.901389,-118.205
"303",2024-02-20,"06_037_4008",5.2875,33.859662,-118.200707
"304",2024-02-20,"06_037_4009",-0.0395835,33.793713,-118.171019
"305",2024-02-20,"06_037_9035",1.0416665,34.725389,-118.178601
"306",2024-02-21,"06_037_1103",3.79722233333333,34.06659,-118.22688
"307",2024-02-21,"06_037_1201",2.7,34.19925,-118.53276
"308",2024-02-21,"06_037_1302",2.83492066666667,33.901389,-118.205
"309",2024-02-21,"06_037_1602",3.6,34.01029,-118.0685
"310",2024-02-21,"06_037_2005",2.5,34.1326,-118.1272
"311",2024-02-21,"06_037_4008",7.3,33.859662,-118.200707
"312",2024-02-21,"06_037_4009",1.3479165,33.793713,-118.171019
"313",2024-02-21,"06_037_9035",1,34.725389,-118.178601
"314",2024-02-22,"06_037_1103",9.67916666666667,34.06659,-118.22688
"315",2024-02-22,"06_037_1302",11.1291666666667,33.901389,-118.205
"316",2024-02-22,"06_037_4008",9.7125,33.859662,-118.200707
"317",2024-02-22,"06_037_4009",5.20625,33.793713,-118.171019
"318",2024-02-22,"06_037_9035",2.7458335,34.725389,-118.178601
"319",2024-02-23,"06_037_1103",7.00694433333333,34.06659,-118.22688
"320",2024-02-23,"06_037_1302",9.29444433333333,33.901389,-118.205
"321",2024-02-23,"06_037_4008",9.075,33.859662,-118.200707
"322",2024-02-23,"06_037_4009",8.025,33.793713,-118.171019
"323",2024-02-23,"06_037_9035",0.8166665,34.725389,-118.178601
"324",2024-02-24,"06_037_1103",8.16979175,34.06659,-118.22688
"325",2024-02-24,"06_037_1201",8.1,34.19925,-118.53276
"326",2024-02-24,"06_037_1302",11.9875,33.901389,-118.205
"327",2024-02-24,"06_037_1602",7.2,34.01029,-118.0685
"328",2024-02-24,"06_037_2005",5,34.1326,-118.1272
"329",2024-02-24,"06_037_4008",8.80694433333333,33.859662,-118.200707
"330",2024-02-24,"06_037_4009",9.61527766666667,33.793713,-118.171019
"331",2024-02-24,"06_037_9035",0.5416665,34.725389,-118.178601
"332",2024-02-25,"06_037_1103",11.413889,34.06659,-118.22688
"333",2024-02-25,"06_037_1302",11.6527776666667,33.901389,-118.205
"334",2024-02-25,"06_037_4008",7.8875,33.859662,-118.200707
"335",2024-02-25,"06_037_4009",6.825,33.793713,-118.171019
"336",2024-02-25,"06_037_9035",2.2041665,34.725389,-118.178601
"337",2024-02-26,"06_037_1103",13.0222223333333,34.06659,-118.22688
"338",2024-02-26,"06_037_1302",13.6458333333333,33.901389,-118.205
"339",2024-02-26,"06_037_4008",10.8291666666667,33.859662,-118.200707
"340",2024-02-26,"06_037_4009",7.7458335,33.793713,-118.171019
"341",2024-02-26,"06_037_9035",3.0208335,34.725389,-118.178601
"342",2024-02-27,"06_037_1103",11.8472223333333,34.06659,-118.22688
"343",2024-02-27,"06_037_1201",8,34.19925,-118.53276
"344",2024-02-27,"06_037_1302",10.9194443333333,33.901389,-118.205
"345",2024-02-27,"06_037_1602",12.5,34.01029,-118.0685
"346",2024-02-27,"06_037_2005",15.6,34.1326,-118.1272
"347",2024-02-27,"06_037_4008",9.173611,33.859662,-118.200707
"348",2024-02-27,"06_037_4009",6.1229165,33.793713,-118.171019
"349",2024-02-27,"06_037_9035",2.5416665,34.725389,-118.178601
"350",2024-02-28,"06_037_1103",11.2194443333333,34.06659,-118.22688
"351",2024-02-28,"06_037_1302",12.3902776666667,33.901389,-118.205
"352",2024-02-28,"06_037_4008",11.1694443333333,33.859662,-118.200707
"353",2024-02-28,"06_037_4009",9.7,33.793713,-118.171019
"354",2024-02-28,"06_037_9035",3.0208335,34.725389,-118.178601
"355",2024-02-29,"06_037_1103",9.60972233333333,34.06659,-118.22688
"356",2024-02-29,"06_037_1302",5.513889,33.901389,-118.205
"357",2024-02-29,"06_037_4008",6.39444433333333,33.859662,-118.200707
"358",2024-02-29,"06_037_4009",4.3291665,33.793713,-118.171019
"359",2024-02-29,"06_037_9035",5.5416665,34.725389,-118.178601
"360",2024-03-01,"06_037_1103",3.45833325,34.06659,-118.22688
"361",2024-03-01,"06_037_1201",2,34.19925,-118.53276
"362",2024-03-01,"06_037_1302",2.00277766666667,33.901389,-118.205
"363",2024-03-01,"06_037_1602",3.1,34.01029,-118.0685
"364",2024-03-01,"06_037_2005",3,34.1326,-118.1272
"365",2024-03-01,"06_037_4008",3.18055566666667,33.859662,-118.200707
"366",2024-03-01,"06_037_4009",-0.7354165,33.793713,-118.171019
"367",2024-03-01,"06_037_9035",1.5416665,34.725389,-118.178601
"368",2024-03-02,"06_037_1103",2.45972233333333,34.06659,-118.22688
"369",2024-03-02,"06_037_1302",1.29444433333333,33.901389,-118.205
"370",2024-03-02,"06_037_4008",3.44583333333333,33.859662,-118.200707
"371",2024-03-02,"06_037_4009",-0.325,33.793713,-118.171019
"372",2024-03-02,"06_037_9035",0,34.725389,-118.178601
"373",2024-03-03,"06_037_1103",4.35416666666667,34.06659,-118.22688
"374",2024-03-03,"06_037_1302",4.2375,33.901389,-118.205
"375",2024-03-03,"06_037_4008",5.24027766666667,33.859662,-118.200707
"376",2024-03-03,"06_037_4009",1.0041665,33.793713,-118.171019
"377",2024-03-03,"06_037_9035",1.2041665,34.725389,-118.178601
"378",2024-03-04,"06_037_1103",7.286111,34.06659,-118.22688
"379",2024-03-04,"06_037_1201",7,34.19925,-118.53276
"380",2024-03-04,"06_037_1302",8.7125,33.901389,-118.205
"381",2024-03-04,"06_037_1602",5.8,34.01029,-118.0685
"382",2024-03-04,"06_037_2005",5.5,34.1326,-118.1272
"383",2024-03-04,"06_037_4008",9.473611,33.859662,-118.200707
"384",2024-03-04,"06_037_4009",3.4,33.793713,-118.171019
"385",2024-03-04,"06_037_9035",1.604348,34.725389,-118.178601
"386",2024-03-05,"06_037_1103",7.3375,34.06659,-118.22688
"387",2024-03-05,"06_037_1302",5.87222233333333,33.901389,-118.205
"388",2024-03-05,"06_037_4008",6.8,33.859662,-118.200707
"389",2024-03-05,"06_037_4009",1.50625,33.793713,-118.171019
"390",2024-03-05,"06_037_9035",3.8347825,34.725389,-118.178601
"391",2024-03-06,"06_037_1103",4.38571433333333,34.06659,-118.22688
"392",2024-03-06,"06_037_1302",4.65972233333333,33.901389,-118.205
"393",2024-03-06,"06_037_4008",4.8,33.859662,-118.200707
"394",2024-03-06,"06_037_4009",2.0229165,33.793713,-118.171019
"395",2024-03-06,"06_037_9035",2.0416665,34.725389,-118.178601
"396",2024-03-07,"06_037_1103",4.90520825,34.06659,-118.22688
"397",2024-03-07,"06_037_1201",5,34.19925,-118.53276
"398",2024-03-07,"06_037_1302",6.573611,33.901389,-118.205
"399",2024-03-07,"06_037_1602",5.8,34.01029,-118.0685
"400",2024-03-07,"06_037_2005",4.1,34.1326,-118.1272
"401",2024-03-07,"06_037_4008",6.8,33.859662,-118.200707
"402",2024-03-07,"06_037_4009",5.37083333333333,33.793713,-118.171019
"403",2024-03-07,"06_037_9035",1.2041665,34.725389,-118.178601
"404",2024-03-08,"06_037_1103",9.5083335,34.06659,-118.22688
"405",2024-03-08,"06_037_1302",9.96666666666667,33.901389,-118.205
"406",2024-03-08,"06_037_4008",9.7954545,33.859662,-118.200707
"407",2024-03-08,"06_037_4009",6.3229165,33.793713,-118.171019
"408",2024-03-08,"06_037_9035",2.8375,34.725389,-118.178601
"409",2024-03-09,"06_037_1103",9.748611,34.06659,-118.22688
"410",2024-03-09,"06_037_1302",13.138889,33.901389,-118.205
"411",2024-03-09,"06_037_4008",11.4527776666667,33.859662,-118.200707
"412",2024-03-09,"06_037_4009",11.7145835,33.793713,-118.171019
"413",2024-03-09,"06_037_9035",2.9291665,34.725389,-118.178601
"414",2024-03-10,"06_037_1103",7.70694433333333,34.06659,-118.22688
"415",2024-03-10,"06_037_1201",5.4,34.19925,-118.53276
"416",2024-03-10,"06_037_1302",10.1472223333333,33.901389,-118.205
"417",2024-03-10,"06_037_1602",8.5,34.01029,-118.0685
"418",2024-03-10,"06_037_2005",6,34.1326,-118.1272
"419",2024-03-10,"06_037_4008",9.67916666666667,33.859662,-118.200707
"420",2024-03-10,"06_037_4009",7.9208335,33.793713,-118.171019
"421",2024-03-10,"06_037_9035",3.6333335,34.725389,-118.178601
"422",2024-03-11,"06_037_1103",6.9875,34.06659,-118.22688
"423",2024-03-11,"06_037_1302",5.038889,33.901389,-118.205
"424",2024-03-11,"06_037_4008",4.95694433333333,33.859662,-118.200707
"425",2024-03-11,"06_037_4009",3.13125,33.793713,-118.171019
"426",2024-03-11,"06_037_9035",1.5208335,34.725389,-118.178601
"427",2024-03-12,"06_037_1103",6.34027766666667,34.06659,-118.22688
"428",2024-03-12,"06_037_1302",5.173016,33.901389,-118.205
"429",2024-03-12,"06_037_4008",4.657971,33.859662,-118.200707
"430",2024-03-12,"06_037_4009",3.402381,33.793713,-118.171019
"431",2024-03-12,"06_037_9035",3.225,34.725389,-118.178601
"432",2024-03-13,"06_037_1103",7.253125,34.06659,-118.22688
"433",2024-03-13,"06_037_1201",4.1,34.19925,-118.53276
"434",2024-03-13,"06_037_1302",6.386111,33.901389,-118.205
"435",2024-03-13,"06_037_1602",7.1,34.01029,-118.0685
"436",2024-03-13,"06_037_2005",6.3,34.1326,-118.1272
"437",2024-03-13,"06_037_4008",5.39275366666667,33.859662,-118.200707
"438",2024-03-13,"06_037_4009",3.3333335,33.793713,-118.171019
"439",2024-03-13,"06_037_9035",3.626087,34.725389,-118.178601
"440",2024-03-14,"06_037_1103",7.25972233333333,34.06659,-118.22688
"441",2024-03-14,"06_037_1302",6.83194433333333,33.901389,-118.205
"442",2024-03-14,"06_037_4008",7.17916666666667,33.859662,-118.200707
"443",2024-03-14,"06_037_4009",3.7375,33.793713,-118.171019
"444",2024-03-14,"06_037_9035",6.4083335,34.725389,-118.178601
"445",2024-03-15,"06_037_1103",5.751389,34.06659,-118.22688
"446",2024-03-15,"06_037_1302",4.1625,33.901389,-118.205
"447",2024-03-15,"06_037_4008",4.76515166666667,33.859662,-118.200707
"448",2024-03-15,"06_037_4009",2.53125,33.793713,-118.171019
"449",2024-03-15,"06_037_9035",2.0416665,34.725389,-118.178601
"450",2024-03-16,"06_037_1103",6.60694433333333,34.06659,-118.22688
"451",2024-03-16,"06_037_1201",4.6,34.19925,-118.53276
"452",2024-03-16,"06_037_1302",6.313889,33.901389,-118.205
"453",2024-03-16,"06_037_1602",6.6,34.01029,-118.0685
"454",2024-03-16,"06_037_2005",5.6,34.1326,-118.1272
"455",2024-03-16,"06_037_4008",6.50833333333333,33.859662,-118.200707
"456",2024-03-16,"06_037_4009",5.4458335,33.793713,-118.171019
"457",2024-03-16,"06_037_9035",0.9291665,34.725389,-118.178601
"458",2024-03-17,"06_037_1103",9.09444433333333,34.06659,-118.22688
"459",2024-03-17,"06_037_1302",8.26944433333333,33.901389,-118.205
"460",2024-03-17,"06_037_4008",7.08333333333333,33.859662,-118.200707
"461",2024-03-17,"06_037_4009",5.0416665,33.793713,-118.171019
"462",2024-03-17,"06_037_9035",2.2458335,34.725389,-118.178601
"463",2024-03-18,"06_037_1103",10.6708333333333,34.06659,-118.22688
"464",2024-03-18,"06_037_1302",11.151389,33.901389,-118.205
"465",2024-03-18,"06_037_4008",12.0652776666667,33.859662,-118.200707
"466",2024-03-18,"06_037_4009",10.3041665,33.793713,-118.171019
"467",2024-03-18,"06_037_9035",6.5,34.725389,-118.178601
"468",2024-03-19,"06_037_1103",10.23020825,34.06659,-118.22688
"469",2024-03-19,"06_037_1201",8.6,34.19925,-118.53276
"470",2024-03-19,"06_037_1302",11.55,33.901389,-118.205
"471",2024-03-19,"06_037_1602",10,34.01029,-118.0685
"472",2024-03-19,"06_037_2005",8.2,34.1326,-118.1272
"473",2024-03-19,"06_037_4008",13.0458333333333,33.859662,-118.200707
"474",2024-03-19,"06_037_4009",8.05555566666667,33.793713,-118.171019
"475",2024-03-19,"06_037_9035",4.7458335,34.725389,-118.178601
"476",2024-03-20,"06_037_1103",17.1944443333333,34.06659,-118.22688
"477",2024-03-20,"06_037_1302",15.6458335,33.901389,-118.205
"478",2024-03-20,"06_037_4008",17.7541666666667,33.859662,-118.200707
"479",2024-03-20,"06_037_4009",12.2,33.793713,-118.171019
"480",2024-03-20,"06_037_9035",4.5416665,34.725389,-118.178601
"481",2024-03-21,"06_037_1103",18.5027776666667,34.06659,-118.22688
"482",2024-03-21,"06_037_1302",9.86666666666667,33.901389,-118.205
"483",2024-03-21,"06_037_4008",10.2666666666667,33.859662,-118.200707
"484",2024-03-21,"06_037_4009",5.0125,33.793713,-118.171019
"485",2024-03-21,"06_037_9035",2.345652,34.725389,-118.178601
"486",2024-03-22,"06_037_1103",19.1277776666667,34.06659,-118.22688
"487",2024-03-22,"06_037_1201",13.5,34.19925,-118.53276
"488",2024-03-22,"06_037_1302",14.3472223333333,33.901389,-118.205
"489",2024-03-22,"06_037_1602",15.2,34.01029,-118.0685
"490",2024-03-22,"06_037_2005",17.7,34.1326,-118.1272
"491",2024-03-22,"06_037_4008",12.3694443333333,33.859662,-118.200707
"492",2024-03-22,"06_037_4009",8.54375,33.793713,-118.171019
"493",2024-03-22,"06_037_9035",7.2458335,34.725389,-118.178601
"494",2024-03-23,"06_037_1103",4.79305566666667,34.06659,-118.22688
"495",2024-03-23,"06_037_1302",4.27083333333333,33.901389,-118.205
"496",2024-03-23,"06_037_4008",3.851389,33.859662,-118.200707
"497",2024-03-23,"06_037_4009",2.2479165,33.793713,-118.171019
"498",2024-03-23,"06_037_9035",1.5416665,34.725389,-118.178601
"499",2024-03-24,"06_037_1103",2.84722233333333,34.06659,-118.22688
"500",2024-03-24,"06_037_1302",4.38055566666667,33.901389,-118.205
"501",2024-03-24,"06_037_4008",3.563889,33.859662,-118.200707
"502",2024-03-24,"06_037_4009",1.5354165,33.793713,-118.171019
"503",2024-03-24,"06_037_9035",1.2041665,34.725389,-118.178601
"504",2024-03-25,"06_037_1103",5.36666675,34.06659,-118.22688
"505",2024-03-25,"06_037_1201",4.6,34.19925,-118.53276
"506",2024-03-25,"06_037_1302",7.2875,33.901389,-118.205
"507",2024-03-25,"06_037_1602",6.4,34.01029,-118.0685
"508",2024-03-25,"06_037_2005",4.5,34.1326,-118.1272
"509",2024-03-25,"06_037_4008",6.53333333333333,33.859662,-118.200707
"510",2024-03-25,"06_037_4009",4.9395835,33.793713,-118.171019
"511",2024-03-25,"06_037_9035",1.6125,34.725389,-118.178601
"512",2024-03-26,"06_037_1103",8.22222233333333,34.06659,-118.22688
"513",2024-03-26,"06_037_1302",7.80833333333333,33.901389,-118.205
"514",2024-03-26,"06_037_4008",7.10972233333333,33.859662,-118.200707
"515",2024-03-26,"06_037_4009",4.7229165,33.793713,-118.171019
"516",2024-03-26,"06_037_9035",3.5,34.725389,-118.178601
"517",2024-03-27,"06_037_1103",11.475,34.06659,-118.22688
"518",2024-03-27,"06_037_1302",10.5583333333333,33.901389,-118.205
"519",2024-03-27,"06_037_4008",9.07083333333333,33.859662,-118.200707
"520",2024-03-27,"06_037_4009",5.4229165,33.793713,-118.171019
"521",2024-03-27,"06_037_9035",6.6333335,34.725389,-118.178601
"522",2024-03-28,"06_037_1103",10.325,34.06659,-118.22688
"523",2024-03-28,"06_037_1201",5.7,34.19925,-118.53276
"524",2024-03-28,"06_037_1302",5.84583333333333,33.901389,-118.205
"525",2024-03-28,"06_037_1602",7.7,34.01029,-118.0685
"526",2024-03-28,"06_037_2005",8.5,34.1326,-118.1272
"527",2024-03-28,"06_037_4008",5.236111,33.859662,-118.200707
"528",2024-03-28,"06_037_4009",3.5,33.793713,-118.171019
"529",2024-03-28,"06_037_9035",3.0434785,34.725389,-118.178601
"530",2024-03-29,"06_037_1103",5.91666666666667,34.06659,-118.22688
"531",2024-03-29,"06_037_1302",7.238889,33.901389,-118.205
"532",2024-03-29,"06_037_4008",4.82777766666667,33.859662,-118.200707
"533",2024-03-29,"06_037_4009",4.2375,33.793713,-118.171019
"534",2024-03-29,"06_037_9035",4.3375,34.725389,-118.178601
"535",2024-03-30,"06_037_1103",2.83472233333333,34.06659,-118.22688
"536",2024-03-30,"06_037_1302",3.91805566666667,33.901389,-118.205
"537",2024-03-30,"06_037_4008",3.675,33.859662,-118.200707
"538",2024-03-30,"06_037_4009",0.94375,33.793713,-118.171019
"539",2024-03-30,"06_037_9035",1.3166665,34.725389,-118.178601
"540",2024-03-31,"06_037_1103",3.1375,34.06659,-118.22688
"541",2024-03-31,"06_037_1201",2.5,34.19925,-118.53276
"542",2024-03-31,"06_037_1302",5.10972233333333,33.901389,-118.205
"543",2024-03-31,"06_037_1602",2.7,34.01029,-118.0685
"544",2024-03-31,"06_037_2005",2.2,34.1326,-118.1272
"545",2024-03-31,"06_037_4008",3.8125,33.859662,-118.200707
"546",2024-03-31,"06_037_4009",2.04166666666667,33.793713,-118.171019
"547",2024-03-31,"06_037_9035",0.8166665,34.725389,-118.178601
"548",2024-04-01,"06_037_1103",5.736111,34.06659,-118.22688
"549",2024-04-01,"06_037_1302",8.373611,33.901389,-118.205
"550",2024-04-01,"06_037_4008",7.238889,33.859662,-118.200707
"551",2024-04-01,"06_037_4009",5.5041665,33.793713,-118.171019
"552",2024-04-01,"06_037_9035",2.4083335,34.725389,-118.178601
"553",2024-04-02,"06_037_1103",8.25416666666667,34.06659,-118.22688
"554",2024-04-02,"06_037_1302",9.076389,33.901389,-118.205
"555",2024-04-02,"06_037_4008",8.575,33.859662,-118.200707
"556",2024-04-02,"06_037_4009",4.8333335,33.793713,-118.171019
"557",2024-04-02,"06_037_9035",2.5,34.725389,-118.178601
"558",2024-04-03,"06_037_1103",8.90694433333333,34.06659,-118.22688
"559",2024-04-03,"06_037_1201",8.2,34.19925,-118.53276
"560",2024-04-03,"06_037_1302",11.6291666666667,33.901389,-118.205
"561",2024-04-03,"06_037_1602",9.5,34.01029,-118.0685
"562",2024-04-03,"06_037_2005",7,34.1326,-118.1272
"563",2024-04-03,"06_037_4008",11.8,33.859662,-118.200707
"564",2024-04-03,"06_037_4009",8.425,33.793713,-118.171019
"565",2024-04-03,"06_037_9035",3.725,34.725389,-118.178601
"566",2024-04-04,"06_037_1103",6.58571433333333,34.06659,-118.22688
"567",2024-04-04,"06_037_1302",4.55694433333333,33.901389,-118.205
"568",2024-04-04,"06_037_4008",3.198611,33.859662,-118.200707
"569",2024-04-04,"06_037_4009",2.5020835,33.793713,-118.171019
"570",2024-04-04,"06_037_9035",4.5416665,34.725389,-118.178601
"571",2024-04-05,"06_037_1103",6.2625,34.06659,-118.22688
"572",2024-04-05,"06_037_1302",4.69444433333333,33.901389,-118.205
"573",2024-04-05,"06_037_4008",4.113889,33.859662,-118.200707
"574",2024-04-05,"06_037_4009",2.5020835,33.793713,-118.171019
"575",2024-04-05,"06_037_9035",1.4291665,34.725389,-118.178601
"576",2024-04-06,"06_037_1103",5.1,34.06659,-118.22688
"577",2024-04-06,"06_037_1201",4.5,34.19925,-118.53276
"578",2024-04-06,"06_037_1302",7.44583333333333,33.901389,-118.205
"579",2024-04-06,"06_037_1602",6,34.01029,-118.0685
"580",2024-04-06,"06_037_2005",4.7,34.1326,-118.1272
"581",2024-04-06,"06_037_4008",5.8875,33.859662,-118.200707
"582",2024-04-06,"06_037_4009",4.9208335,33.793713,-118.171019
"583",2024-04-06,"06_037_9035",2,34.725389,-118.178601
"584",2024-04-07,"06_037_1103",7.1,34.06659,-118.22688
"585",2024-04-07,"06_037_1302",12.051389,33.901389,-118.205
"586",2024-04-07,"06_037_4008",8.93055566666667,33.859662,-118.200707
"587",2024-04-07,"06_037_4009",6.5458335,33.793713,-118.171019
"588",2024-04-07,"06_037_9035",4.7041665,34.725389,-118.178601
"589",2024-04-08,"06_037_1103",7.2,34.06659,-118.22688
"590",2024-04-08,"06_037_1302",8.91805566666667,33.901389,-118.205
"591",2024-04-08,"06_037_4008",8.02777766666667,33.859662,-118.200707
"592",2024-04-08,"06_037_4009",6.1291665,33.793713,-118.171019
"593",2024-04-08,"06_037_9035",2.8375,34.725389,-118.178601
"594",2024-04-09,"06_037_1103",7.7076925,34.06659,-118.22688
"595",2024-04-09,"06_037_1201",3.8,34.19925,-118.53276
"596",2024-04-09,"06_037_1302",7.66944433333333,33.901389,-118.205
"597",2024-04-09,"06_037_1602",6.8,34.01029,-118.0685
"598",2024-04-09,"06_037_2005",5.5,34.1326,-118.1272
"599",2024-04-09,"06_037_4008",8.55555566666667,33.859662,-118.200707
"600",2024-04-09,"06_037_4009",6.5166665,33.793713,-118.171019
"601",2024-04-09,"06_037_9035",3,34.725389,-118.178601
"602",2024-04-10,"06_037_1103",12.6666666666667,34.06659,-118.22688
"603",2024-04-10,"06_037_1302",11.425,33.901389,-118.205
"604",2024-04-10,"06_037_4008",10.4305556666667,33.859662,-118.200707
"605",2024-04-10,"06_037_4009",9.0166665,33.793713,-118.171019
"606",2024-04-10,"06_037_9035",4.8130435,34.725389,-118.178601
"607",2024-04-11,"06_037_1103",18.4597223333333,34.06659,-118.22688
"608",2024-04-11,"06_037_1302",18.6777776666667,33.901389,-118.205
"609",2024-04-11,"06_037_4008",15.7305556666667,33.859662,-118.200707
"610",2024-04-11,"06_037_4009",12.7083335,33.793713,-118.171019
"611",2024-04-11,"06_037_9035",5.3166665,34.725389,-118.178601
"612",2024-04-12,"06_037_1103",17.03020825,34.06659,-118.22688
"613",2024-04-12,"06_037_1302",11.9583333333333,33.901389,-118.205
"614",2024-04-12,"06_037_1602",10.7,34.01029,-118.0685
"615",2024-04-12,"06_037_2005",18.8,34.1326,-118.1272
"616",2024-04-12,"06_037_4008",10.7652776666667,33.859662,-118.200707
"617",2024-04-12,"06_037_4009",9.81944433333333,33.793713,-118.171019
"618",2024-04-12,"06_037_9035",6.5,34.725389,-118.178601
"619",2024-04-13,"06_037_1103",6.04027766666667,34.06659,-118.22688
"620",2024-04-13,"06_037_1302",6.04722233333333,33.901389,-118.205
"621",2024-04-13,"06_037_4008",5.21944433333333,33.859662,-118.200707
"622",2024-04-13,"06_037_4009",5.71875,33.793713,-118.171019
"623",2024-04-13,"06_037_9035",2.6333335,34.725389,-118.178601
"624",2024-04-14,"06_037_1103",6.71805566666667,34.06659,-118.22688
"625",2024-04-14,"06_037_1302",6.37777766666667,33.901389,-118.205
"626",2024-04-14,"06_037_4008",5.576389,33.859662,-118.200707
"627",2024-04-14,"06_037_4009",4.2125,33.793713,-118.171019
"628",2024-04-14,"06_037_9035",0.4083335,34.725389,-118.178601
"629",2024-04-15,"06_037_1103",7.10555566666667,34.06659,-118.22688
"630",2024-04-15,"06_037_1201",4.2,34.19925,-118.53276
"631",2024-04-15,"06_037_1302",8.911111,33.901389,-118.205
"632",2024-04-15,"06_037_1602",5.6,34.01029,-118.0685
"633",2024-04-15,"06_037_2005",4.4,34.1326,-118.1272
"634",2024-04-15,"06_037_4008",6.838889,33.859662,-118.200707
"635",2024-04-15,"06_037_4009",4.4479165,33.793713,-118.171019
"636",2024-04-15,"06_037_9035",1.7041665,34.725389,-118.178601
"637",2024-04-16,"06_037_1103",9.08055566666667,34.06659,-118.22688
"638",2024-04-16,"06_037_1302",9.773611,33.901389,-118.205
"639",2024-04-16,"06_037_4008",9.6125,33.859662,-118.200707
"640",2024-04-16,"06_037_4009",7.9104165,33.793713,-118.171019
"641",2024-04-16,"06_037_9035",2.5416665,34.725389,-118.178601
"642",2024-04-17,"06_037_1103",10.4930556666667,34.06659,-118.22688
"643",2024-04-17,"06_037_1302",11.775,33.901389,-118.205
"644",2024-04-17,"06_037_4008",11.8681816666667,33.859662,-118.200707
"645",2024-04-17,"06_037_4009",7.33125,33.793713,-118.171019
"646",2024-04-17,"06_037_9035",4.5208335,34.725389,-118.178601
"647",2024-04-18,"06_037_1103",16.1944443333333,34.06659,-118.22688
"648",2024-04-18,"06_037_1201",10.3,34.19925,-118.53276
"649",2024-04-18,"06_037_1302",15.1055556666667,33.901389,-118.205
"650",2024-04-18,"06_037_1602",13.7,34.01029,-118.0685
"651",2024-04-18,"06_037_2005",13.2,34.1326,-118.1272
"652",2024-04-18,"06_037_4008",15.363889,33.859662,-118.200707
"653",2024-04-18,"06_037_4009",9.523913,33.793713,-118.171019
"654",2024-04-18,"06_037_9035",3.9291665,34.725389,-118.178601
"655",2024-04-19,"06_037_1103",13.136111,34.06659,-118.22688
"656",2024-04-19,"06_037_1302",10.2875,33.901389,-118.205
"657",2024-04-19,"06_037_4008",10.2458333333333,33.859662,-118.200707
"658",2024-04-19,"06_037_4009",6.802381,33.793713,-118.171019
"659",2024-04-19,"06_037_9035",7.5208335,34.725389,-118.178601
"660",2024-04-20,"06_037_1103",15.9430556666667,34.06659,-118.22688
"661",2024-04-20,"06_037_1302",12.9833333333333,33.901389,-118.205
"662",2024-04-20,"06_037_4008",11.573611,33.859662,-118.200707
"663",2024-04-20,"06_037_4009",9.8020835,33.793713,-118.171019
"664",2024-04-20,"06_037_9035",7.1333335,34.725389,-118.178601
"665",2024-04-21,"06_037_1103",18.1,34.06659,-118.22688
"666",2024-04-21,"06_037_1201",14.7,34.19925,-118.53276
"667",2024-04-21,"06_037_1302",15.426389,33.901389,-118.205
"668",2024-04-21,"06_037_1602",0,34.01029,-118.0685
"669",2024-04-21,"06_037_2005",16.7,34.1326,-118.1272
"670",2024-04-21,"06_037_4008",14.3652776666667,33.859662,-118.200707
"671",2024-04-21,"06_037_4009",13.53125,33.793713,-118.171019
"672",2024-04-21,"06_037_9035",6.9291665,34.725389,-118.178601
"673",2024-04-22,"06_037_1103",22.4222223333333,34.06659,-118.22688
"674",2024-04-22,"06_037_1302",13.1416666666667,33.901389,-118.205
"675",2024-04-22,"06_037_4008",10.6902776666667,33.859662,-118.200707
"676",2024-04-22,"06_037_4009",6.3208335,33.793713,-118.171019
"677",2024-04-22,"06_037_9035",6.6333335,34.725389,-118.178601
"678",2024-04-23,"06_037_1103",7.18055566666667,34.06659,-118.22688
"679",2024-04-23,"06_037_1302",6.4875,33.901389,-118.205
"680",2024-04-23,"06_037_4008",6.40555566666667,33.859662,-118.200707
"681",2024-04-23,"06_037_4009",4.61875,33.793713,-118.171019
"682",2024-04-23,"06_037_9035",5.5,34.725389,-118.178601
"683",2024-04-24,"06_037_1103",7.69895825,34.06659,-118.22688
"684",2024-04-24,"06_037_1201",7.1,34.19925,-118.53276
"685",2024-04-24,"06_037_1302",6.84603166666667,33.901389,-118.205
"686",2024-04-24,"06_037_1602",0,34.01029,-118.0685
"687",2024-04-24,"06_037_2005",6.2,34.1326,-118.1272
"688",2024-04-24,"06_037_4008",7.04166666666667,33.859662,-118.200707
"689",2024-04-24,"06_037_4009",5.25,33.793713,-118.171019
"690",2024-04-24,"06_037_9035",5.4291665,34.725389,-118.178601
"691",2024-04-25,"06_037_1103",5.51527766666667,34.06659,-118.22688
"692",2024-04-25,"06_037_1302",5.20833333333333,33.901389,-118.205
"693",2024-04-25,"06_037_4008",5.40833333333333,33.859662,-118.200707
"694",2024-04-25,"06_037_4009",4.03125,33.793713,-118.171019
"695",2024-04-25,"06_037_9035",5.9065215,34.725389,-118.178601
"696",2024-04-26,"06_037_1103",8.488889,34.06659,-118.22688
"697",2024-04-26,"06_037_1302",8.13194433333333,33.901389,-118.205
"698",2024-04-26,"06_037_4008",7.78260866666667,33.859662,-118.200707
"699",2024-04-26,"06_037_4009",6.325,33.793713,-118.171019
"700",2024-04-26,"06_037_9035",5.5416665,34.725389,-118.178601
"701",2024-04-27,"06_037_1103",8.30694433333333,34.06659,-118.22688
"702",2024-04-27,"06_037_1302",8.451389,33.901389,-118.205
"703",2024-04-27,"06_037_1602",7.7,34.01029,-118.0685
"704",2024-04-27,"06_037_2005",7.2,34.1326,-118.1272
"705",2024-04-27,"06_037_4008",7.325,33.859662,-118.200707
"706",2024-04-27,"06_037_4009",6.43125,33.793713,-118.171019
"707",2024-04-27,"06_037_9035",2.3166665,34.725389,-118.178601
"708",2024-04-28,"06_037_1103",10.6444443333333,34.06659,-118.22688
"709",2024-04-28,"06_037_1302",10.9875,33.901389,-118.205
"710",2024-04-28,"06_037_4008",9.23055566666667,33.859662,-118.200707
"711",2024-04-28,"06_037_4009",6.8,33.793713,-118.171019
"712",2024-04-28,"06_037_9035",4.0208335,34.725389,-118.178601
"713",2024-04-29,"06_037_1103",14,34.06659,-118.22688
"714",2024-04-29,"06_037_1302",12.5944443333333,33.901389,-118.205
"715",2024-04-29,"06_037_4008",11.2847223333333,33.859662,-118.200707
"716",2024-04-29,"06_037_4009",6.80625,33.793713,-118.171019
"717",2024-04-29,"06_037_9035",17,34.725389,-118.178601
"718",2024-04-30,"06_037_1103",14.22083325,34.06659,-118.22688
"719",2024-04-30,"06_037_1201",0.3,34.19925,-118.53276
"720",2024-04-30,"06_037_1302",12.7097223333333,33.901389,-118.205
"721",2024-04-30,"06_037_1602",11.7,34.01029,-118.0685
"722",2024-04-30,"06_037_2005",12.5,34.1326,-118.1272
"723",2024-04-30,"06_037_4008",12.001389,33.859662,-118.200707
"724",2024-04-30,"06_037_4009",8.6,33.793713,-118.171019
"725",2024-04-30,"06_037_9035",7.5416665,34.725389,-118.178601
"726",2024-05-01,"06_037_1103",15.1583333333333,34.06659,-118.22688
"727",2024-05-01,"06_037_1302",15.161111,33.901389,-118.205
"728",2024-05-01,"06_037_4008",14.336111,33.859662,-118.200707
"729",2024-05-01,"06_037_4009",11.3083335,33.793713,-118.171019
"730",2024-05-01,"06_037_9035",4.7458335,34.725389,-118.178601
"731",2024-05-02,"06_037_1103",17.3541666666667,34.06659,-118.22688
"732",2024-05-02,"06_037_1302",14.926389,33.901389,-118.205
"733",2024-05-02,"06_037_4008",13.3930556666667,33.859662,-118.200707
"734",2024-05-02,"06_037_4009",10.638095,33.793713,-118.171019
"735",2024-05-02,"06_037_9035",4.5416665,34.725389,-118.178601
"736",2024-05-03,"06_037_1103",13.5708333333333,34.06659,-118.22688
"737",2024-05-03,"06_037_1201",12.5,34.19925,-118.53276
"738",2024-05-03,"06_037_1302",11.9083335,33.901389,-118.205
"739",2024-05-03,"06_037_1602",10.9,34.01029,-118.0685
"740",2024-05-03,"06_037_2005",12.2,34.1326,-118.1272
"741",2024-05-03,"06_037_4008",10.725,33.859662,-118.200707
"742",2024-05-03,"06_037_4009",8.9041665,33.793713,-118.171019
"743",2024-05-03,"06_037_9035",5.9083335,34.725389,-118.178601
"744",2024-05-04,"06_037_1103",9.89166666666667,34.06659,-118.22688
"745",2024-05-04,"06_037_1302",9.50833333333333,33.901389,-118.205
"746",2024-05-04,"06_037_4008",7.223529,33.859662,-118.200707
"747",2024-05-04,"06_037_4009",6.0166665,33.793713,-118.171019
"748",2024-05-04,"06_037_9035",7,34.725389,-118.178601
"749",2024-05-05,"06_037_1103",-0.08,34.06659,-118.22688
"750",2024-05-05,"06_037_1302",4.725,33.901389,-118.205
"751",2024-05-05,"06_037_4008",4.07916666666667,33.859662,-118.200707
"752",2024-05-05,"06_037_4009",3.7125,33.793713,-118.171019
"753",2024-05-05,"06_037_9035",2.6333335,34.725389,-118.178601
"754",2024-05-06,"06_037_1103",6.80416675,34.06659,-118.22688
"755",2024-05-06,"06_037_1201",5.7,34.19925,-118.53276
"756",2024-05-06,"06_037_1302",7.14583333333333,33.901389,-118.205
"757",2024-05-06,"06_037_1602",7.2,34.01029,-118.0685
"758",2024-05-06,"06_037_2005",6.6,34.1326,-118.1272
"759",2024-05-06,"06_037_4008",6.76805566666667,33.859662,-118.200707
"760",2024-05-06,"06_037_4009",5.64027766666667,33.793713,-118.171019
"761",2024-05-06,"06_037_9035",2.225,34.725389,-118.178601
"762",2024-05-07,"06_037_1103",9.62916666666667,34.06659,-118.22688
"763",2024-05-07,"06_037_1302",10.292857,33.901389,-118.205
"764",2024-05-07,"06_037_4008",8.84583333333333,33.859662,-118.200707
"765",2024-05-07,"06_037_4009",5.8270835,33.793713,-118.171019
"766",2024-05-07,"06_037_9035",4.225,34.725389,-118.178601
"767",2024-05-08,"06_037_1103",12.4666666666667,34.06659,-118.22688
"768",2024-05-08,"06_037_1302",10.4,33.901389,-118.205
"769",2024-05-08,"06_037_4008",8.4421055,33.859662,-118.200707
"770",2024-05-08,"06_037_4009",8.0104165,33.793713,-118.171019
"771",2024-05-08,"06_037_9035",3.8166665,34.725389,-118.178601
"772",2024-05-09,"06_037_1103",14.576389,34.06659,-118.22688
"773",2024-05-09,"06_037_1201",12,34.19925,-118.53276
"774",2024-05-09,"06_037_1302",13.2,33.901389,-118.205
"775",2024-05-09,"06_037_1602",13.7,34.01029,-118.0685
"776",2024-05-09,"06_037_2005",13.2,34.1326,-118.1272
"777",2024-05-09,"06_037_4008",11.7136363333333,33.859662,-118.200707
"778",2024-05-09,"06_037_4009",9.5208335,33.793713,-118.171019
"779",2024-05-09,"06_037_9035",3.021739,34.725389,-118.178601
"780",2024-05-10,"06_037_1103",14.7305556666667,34.06659,-118.22688
"781",2024-05-10,"06_037_1302",12.540909,33.901389,-118.205
"782",2024-05-10,"06_037_4008",14.7125,33.859662,-118.200707
"783",2024-05-10,"06_037_4009",13.3166665,33.793713,-118.171019
"784",2024-05-10,"06_037_9035",0.5,34.725389,-118.178601
"785",2024-05-11,"06_037_1103",12.675,34.06659,-118.22688
"786",2024-05-11,"06_037_1302",10.6791666666667,33.901389,-118.205
"787",2024-05-11,"06_037_4008",10.632353,33.859662,-118.200707
"788",2024-05-11,"06_037_4009",9.025,33.793713,-118.171019
"789",2024-05-11,"06_037_9035",2.5,34.725389,-118.178601
"790",2024-05-12,"06_037_1103",15.87708325,34.06659,-118.22688
"791",2024-05-12,"06_037_1201",12.1,34.19925,-118.53276
"792",2024-05-12,"06_037_1302",10.4833333333333,33.901389,-118.205
"793",2024-05-12,"06_037_1602",13.8,34.01029,-118.0685
"794",2024-05-12,"06_037_2005",14.9,34.1326,-118.1272
"795",2024-05-12,"06_037_4008",9.97083333333333,33.859662,-118.200707
"796",2024-05-12,"06_037_4009",8.45416666666667,33.793713,-118.171019
"797",2024-05-12,"06_037_9035",4.3375,34.725389,-118.178601
"798",2024-05-13,"06_037_1103",12.0444443333333,34.06659,-118.22688
"799",2024-05-13,"06_037_1302",8.20833333333333,33.901389,-118.205
"800",2024-05-13,"06_037_4008",8.10555566666667,33.859662,-118.200707
"801",2024-05-13,"06_037_4009",5.325,33.793713,-118.171019
"802",2024-05-13,"06_037_9035",4.8375,34.725389,-118.178601
"803",2024-05-14,"06_037_1103",12.1847223333333,34.06659,-118.22688
"804",2024-05-14,"06_037_1302",6.76527766666667,33.901389,-118.205
"805",2024-05-14,"06_037_4008",6.89444433333333,33.859662,-118.200707
"806",2024-05-14,"06_037_4009",4.0104165,33.793713,-118.171019
"807",2024-05-14,"06_037_9035",6.7458335,34.725389,-118.178601
"808",2024-05-15,"06_037_1103",8.626389,34.06659,-118.22688
"809",2024-05-15,"06_037_1201",8.8,34.19925,-118.53276
"810",2024-05-15,"06_037_1302",5.23055566666667,33.901389,-118.205
"811",2024-05-15,"06_037_1602",5.9,34.01029,-118.0685
"812",2024-05-15,"06_037_2005",8,34.1326,-118.1272
"813",2024-05-15,"06_037_4008",5.18472233333333,33.859662,-118.200707
"814",2024-05-15,"06_037_4009",3.4208335,33.793713,-118.171019
"815",2024-05-15,"06_037_9035",5.9291665,34.725389,-118.178601
"816",2024-05-16,"06_037_1103",8.39166666666667,34.06659,-118.22688
"817",2024-05-16,"06_037_1302",4.70555566666667,33.901389,-118.205
"818",2024-05-16,"06_037_4008",5.6875,33.859662,-118.200707
"819",2024-05-16,"06_037_4009",3.60625,33.793713,-118.171019
"820",2024-05-16,"06_037_9035",6.5208335,34.725389,-118.178601
"821",2024-05-17,"06_037_1103",8.161111,34.06659,-118.22688
"822",2024-05-17,"06_037_1302",4.47424233333333,33.901389,-118.205
"823",2024-05-17,"06_037_4008",5.75277766666667,33.859662,-118.200707
"824",2024-05-17,"06_037_4009",3.3020835,33.793713,-118.171019
"825",2024-05-17,"06_037_9035",7.5416665,34.725389,-118.178601
"826",2024-05-18,"06_037_1103",7.52291675,34.06659,-118.22688
"827",2024-05-18,"06_037_1201",6.7,34.19925,-118.53276
"828",2024-05-18,"06_037_1302",6.461111,33.901389,-118.205
"829",2024-05-18,"06_037_1602",6.5,34.01029,-118.0685
"830",2024-05-18,"06_037_2005",6.6,34.1326,-118.1272
"831",2024-05-18,"06_037_4008",5.50555566666667,33.859662,-118.200707
"832",2024-05-18,"06_037_4009",4.30277766666667,33.793713,-118.171019
"833",2024-05-18,"06_037_9035",5.8375,34.725389,-118.178601
"834",2024-05-19,"06_037_1103",8.01527766666667,34.06659,-118.22688
"835",2024-05-19,"06_037_1302",5.11527766666667,33.901389,-118.205
"836",2024-05-19,"06_037_4008",5.48194433333333,33.859662,-118.200707
"837",2024-05-19,"06_037_4009",4.3020835,33.793713,-118.171019
"838",2024-05-19,"06_037_9035",7.0416665,34.725389,-118.178601
"839",2024-05-20,"06_037_1103",7.81666666666667,34.06659,-118.22688
"840",2024-05-20,"06_037_1302",6.651389,33.901389,-118.205
"841",2024-05-20,"06_037_4008",7.74305566666667,33.859662,-118.200707
"842",2024-05-20,"06_037_4009",5.5125,33.793713,-118.171019
"843",2024-05-20,"06_037_9035",6.9083335,34.725389,-118.178601
"844",2024-05-21,"06_037_1103",12.461111,34.06659,-118.22688
"845",2024-05-21,"06_037_1201",11.7,34.19925,-118.53276
"846",2024-05-21,"06_037_1302",11.4666666666667,33.901389,-118.205
"847",2024-05-21,"06_037_1602",12.2,34.01029,-118.0685
"848",2024-05-21,"06_037_2005",12.2,34.1326,-118.1272
"849",2024-05-21,"06_037_4008",12.4791666666667,33.859662,-118.200707
"850",2024-05-21,"06_037_4009",8.5,33.793713,-118.171019
"851",2024-05-21,"06_037_9035",7.4083335,34.725389,-118.178601
"852",2024-05-22,"06_037_1103",17.3930556666667,34.06659,-118.22688
"853",2024-05-22,"06_037_1302",14.001389,33.901389,-118.205
"854",2024-05-22,"06_037_4008",12.9472223333333,33.859662,-118.200707
"855",2024-05-22,"06_037_4009",10.5208335,33.793713,-118.171019
"856",2024-05-22,"06_037_9035",7.021739,34.725389,-118.178601
"857",2024-05-23,"06_037_1103",11.7097223333333,34.06659,-118.22688
"858",2024-05-23,"06_037_1302",9.15416666666667,33.901389,-118.205
"859",2024-05-23,"06_037_4008",9.54305566666667,33.859662,-118.200707
"860",2024-05-23,"06_037_4009",7.8125,33.793713,-118.171019
"861",2024-05-23,"06_037_9035",9.6125,34.725389,-118.178601
"862",2024-05-24,"06_037_1103",13.49375,34.06659,-118.22688
"863",2024-05-24,"06_037_1201",9.7,34.19925,-118.53276
"864",2024-05-24,"06_037_1302",11.0152776666667,33.901389,-118.205
"865",2024-05-24,"06_037_1602",11.1,34.01029,-118.0685
"866",2024-05-24,"06_037_2005",10.4,34.1326,-118.1272
"867",2024-05-24,"06_037_4008",12.3194443333333,33.859662,-118.200707
"868",2024-05-24,"06_037_4009",8.861111,33.793713,-118.171019
"869",2024-05-24,"06_037_9035",13.225,34.725389,-118.178601
"870",2024-05-25,"06_037_1103",6.72916666666667,34.06659,-118.22688
"871",2024-05-25,"06_037_1302",4.47222233333333,33.901389,-118.205
"872",2024-05-25,"06_037_4008",4.64444433333333,33.859662,-118.200707
"873",2024-05-25,"06_037_4009",3.43125,33.793713,-118.171019
"874",2024-05-25,"06_037_9035",5.3375,34.725389,-118.178601
"875",2024-05-26,"06_037_1103",7.98333333333333,34.06659,-118.22688
"876",2024-05-26,"06_037_1302",4.53055566666667,33.901389,-118.205
"877",2024-05-26,"06_037_4008",5.298611,33.859662,-118.200707
"878",2024-05-26,"06_037_4009",3.44375,33.793713,-118.171019
"879",2024-05-26,"06_037_9035",4.5208335,34.725389,-118.178601
"880",2024-05-27,"06_037_1103",13.6625,34.06659,-118.22688
"881",2024-05-27,"06_037_1201",10.5,34.19925,-118.53276
"882",2024-05-27,"06_037_1302",10.7,33.901389,-118.205
"883",2024-05-27,"06_037_1602",11.8,34.01029,-118.0685
"884",2024-05-27,"06_037_2005",11.7,34.1326,-118.1272
"885",2024-05-27,"06_037_4008",10.1083333333333,33.859662,-118.200707
"886",2024-05-27,"06_037_4009",8.9166665,33.793713,-118.171019
"887",2024-05-27,"06_037_9035",6.9291665,34.725389,-118.178601
"888",2024-05-28,"06_037_1103",16.4194443333333,34.06659,-118.22688
"889",2024-05-28,"06_037_1302",12.6041666666667,33.901389,-118.205
"890",2024-05-28,"06_037_4008",12.088889,33.859662,-118.200707
"891",2024-05-28,"06_037_4009",9.7229165,33.793713,-118.171019
"892",2024-05-28,"06_037_9035",6.8166665,34.725389,-118.178601
"893",2024-05-29,"06_037_1103",12.876389,34.06659,-118.22688
"894",2024-05-29,"06_037_1302",8.30694433333333,33.901389,-118.205
"895",2024-05-29,"06_037_4008",8.461111,33.859662,-118.200707
"896",2024-05-29,"06_037_4009",5.7291665,33.793713,-118.171019
"897",2024-05-29,"06_037_9035",4.7041665,34.725389,-118.178601
"898",2024-05-30,"06_037_1103",17.65,34.06659,-118.22688
"899",2024-05-30,"06_037_1201",12.1,34.19925,-118.53276
"900",2024-05-30,"06_037_1302",11.3541666666667,33.901389,-118.205
"901",2024-05-30,"06_037_1602",11.5,34.01029,-118.0685
"902",2024-05-30,"06_037_2005",13.8,34.1326,-118.1272
"903",2024-05-30,"06_037_4008",10.911111,33.859662,-118.200707
"904",2024-05-30,"06_037_4009",8.52777766666667,33.793713,-118.171019
"905",2024-05-30,"06_037_9035",6.725,34.725389,-118.178601
"906",2024-05-31,"06_037_1103",19.1222223333333,34.06659,-118.22688
"907",2024-05-31,"06_037_1302",11.7375,33.901389,-118.205
"908",2024-05-31,"06_037_4008",9.84166666666667,33.859662,-118.200707
"909",2024-05-31,"06_037_4009",7.0229165,33.793713,-118.171019
"910",2024-05-31,"06_037_9035",7.725,34.725389,-118.178601
"911",2024-06-01,"06_037_1103",12.8972223333333,34.06659,-118.22688
"912",2024-06-01,"06_037_1302",7.78333333333333,33.901389,-118.205
"913",2024-06-01,"06_037_4008",7.80277766666667,33.859662,-118.200707
"914",2024-06-01,"06_037_4009",5.8020835,33.793713,-118.171019
"915",2024-06-01,"06_037_9035",6.2041665,34.725389,-118.178601
"916",2024-06-02,"06_037_1103",8.00555566666667,34.06659,-118.22688
"917",2024-06-02,"06_037_1201",8.6,34.19925,-118.53276
"918",2024-06-02,"06_037_1302",5.93333333333333,33.901389,-118.205
"919",2024-06-02,"06_037_1602",6.4,34.01029,-118.0685
"920",2024-06-02,"06_037_2005",7.5,34.1326,-118.1272
"921",2024-06-02,"06_037_4008",5.54444433333333,33.859662,-118.200707
"922",2024-06-02,"06_037_4009",4.1020835,33.793713,-118.171019
"923",2024-06-02,"06_037_9035",10.5416665,34.725389,-118.178601
"924",2024-06-03,"06_037_1103",11.873611,34.06659,-118.22688
"925",2024-06-03,"06_037_1302",7.338889,33.901389,-118.205
"926",2024-06-03,"06_037_4008",7.9625,33.859662,-118.200707
"927",2024-06-03,"06_037_4009",5.6125,33.793713,-118.171019
"928",2024-06-03,"06_037_9035",6.5208335,34.725389,-118.178601
"929",2024-06-04,"06_037_1103",15.573611,34.06659,-118.22688
"930",2024-06-04,"06_037_1302",8.736111,33.901389,-118.205
"931",2024-06-04,"06_037_4008",8.15416666666667,33.859662,-118.200707
"932",2024-06-04,"06_037_4009",6.0041665,33.793713,-118.171019
"933",2024-06-04,"06_037_9035",4.5208335,34.725389,-118.178601
"934",2024-06-05,"06_037_1103",19.24791675,34.06659,-118.22688
"935",2024-06-05,"06_037_1201",14,34.19925,-118.53276
"936",2024-06-05,"06_037_1302",13.2125,33.901389,-118.205
"937",2024-06-05,"06_037_1602",11.2,34.01029,-118.0685
"938",2024-06-05,"06_037_2005",14.8,34.1326,-118.1272
"939",2024-06-05,"06_037_4008",11.0458333333333,33.859662,-118.200707
"940",2024-06-05,"06_037_4009",6.6375,33.793713,-118.171019
"941",2024-06-05,"06_037_9035",5.5108695,34.725389,-118.178601
"942",2024-06-06,"06_037_1103",16.5930556666667,34.06659,-118.22688
"943",2024-06-06,"06_037_1302",11.8458335,33.901389,-118.205
"944",2024-06-06,"06_037_4008",13.873611,33.859662,-118.200707
"945",2024-06-06,"06_037_4009",8.7261905,33.793713,-118.171019
"946",2024-06-06,"06_037_9035",7.8166665,34.725389,-118.178601
"947",2024-06-07,"06_037_1103",9.48253966666667,34.06659,-118.22688
"948",2024-06-07,"06_037_1302",3.5104165,33.901389,-118.205
"949",2024-06-07,"06_037_4008",4.52222233333333,33.859662,-118.200707
"950",2024-06-07,"06_037_4009",3.3104165,33.793713,-118.171019
"951",2024-06-07,"06_037_9035",7.9083335,34.725389,-118.178601
"952",2024-06-08,"06_037_1103",7.79305566666667,34.06659,-118.22688
"953",2024-06-08,"06_037_1201",6.4,34.19925,-118.53276
"954",2024-06-08,"06_037_1302",1.5229165,33.901389,-118.205
"955",2024-06-08,"06_037_1602",4.2,34.01029,-118.0685
"956",2024-06-08,"06_037_4008",2.898611,33.859662,-118.200707
"957",2024-06-08,"06_037_4009",1.4333335,33.793713,-118.171019
"958",2024-06-08,"06_037_9035",5.7041665,34.725389,-118.178601
"959",2024-06-09,"06_037_1103",6.15972233333333,34.06659,-118.22688
"960",2024-06-09,"06_037_1302",2.2291665,33.901389,-118.205
"961",2024-06-09,"06_037_4008",3.298611,33.859662,-118.200707
"962",2024-06-09,"06_037_4009",2.0020835,33.793713,-118.171019
"963",2024-06-09,"06_037_9035",3.225,34.725389,-118.178601
"964",2024-06-10,"06_037_1103",11.861111,34.06659,-118.22688
"965",2024-06-10,"06_037_1302",9.925,33.901389,-118.205
"966",2024-06-10,"06_037_4008",10.2875,33.859662,-118.200707
"967",2024-06-10,"06_037_4009",7.625,33.793713,-118.171019
"968",2024-06-10,"06_037_9035",4.1333335,34.725389,-118.178601
"969",2024-06-11,"06_037_1103",15.109375,34.06659,-118.22688
"970",2024-06-11,"06_037_1201",11,34.19925,-118.53276
"971",2024-06-11,"06_037_1302",11.3,33.901389,-118.205
"972",2024-06-11,"06_037_1602",11.7,34.01029,-118.0685
"973",2024-06-11,"06_037_2005",14.3,34.1326,-118.1272
"974",2024-06-11,"06_037_4008",10.8097223333333,33.859662,-118.200707
"975",2024-06-11,"06_037_4009",6.53055566666667,33.793713,-118.171019
"976",2024-06-11,"06_037_9035",6.1125,34.725389,-118.178601
"977",2024-06-12,"06_037_1103",9.623611,34.06659,-118.22688
"978",2024-06-12,"06_037_1302",4.0354165,33.901389,-118.205
"979",2024-06-12,"06_037_4008",4.81944433333333,33.859662,-118.200707
"980",2024-06-12,"06_037_4009",3.025,33.793713,-118.171019
"981",2024-06-12,"06_037_9035",7.2086955,34.725389,-118.178601
"982",2024-06-13,"06_037_1103",11.111111,34.06659,-118.22688
"983",2024-06-13,"06_037_1302",7.95972233333333,33.901389,-118.205
"984",2024-06-13,"06_037_4008",8.9375,33.859662,-118.200707
"985",2024-06-13,"06_037_4009",5.2270835,33.793713,-118.171019
"986",2024-06-13,"06_037_9035",2.4083335,34.725389,-118.178601
"987",2024-06-14,"06_037_1103",12.661111,34.06659,-118.22688
"988",2024-06-14,"06_037_1201",9.7,34.19925,-118.53276
"989",2024-06-14,"06_037_1302",8.91805566666667,33.901389,-118.205
"990",2024-06-14,"06_037_1602",9.2,34.01029,-118.0685
"991",2024-06-14,"06_037_2005",9.9,34.1326,-118.1272
"992",2024-06-14,"06_037_4008",8.75,33.859662,-118.200707
"993",2024-06-14,"06_037_4009",7.8395835,33.793713,-118.171019
"994",2024-06-14,"06_037_9035",5.3166665,34.725389,-118.178601
"995",2024-06-15,"06_037_1103",19.05,34.06659,-118.22688
"996",2024-06-15,"06_037_1302",13.3319443333333,33.901389,-118.205
"997",2024-06-15,"06_037_4008",14.8430556666667,33.859662,-118.200707
"998",2024-06-15,"06_037_4009",11.9104165,33.793713,-118.171019
"999",2024-06-15,"06_037_9035",6.4083335,34.725389,-118.178601
"1000",2024-06-16,"06_037_1103",19.1722223333333,34.06659,-118.22688
"1001",2024-06-16,"06_037_1302",14.6222223333333,33.901389,-118.205
"1002",2024-06-16,"06_037_4008",15.4666666666667,33.859662,-118.200707
"1003",2024-06-16,"06_037_4009",13.4270835,33.793713,-118.171019
"1004",2024-06-16,"06_037_9035",6.6333335,34.725389,-118.178601
"1005",2024-06-17,"06_037_1103",18.921875,34.06659,-118.22688
"1006",2024-06-17,"06_037_1201",16.1,34.19925,-118.53276
"1007",2024-06-17,"06_037_1302",16.1916666666667,33.901389,-118.205
"1008",2024-06-17,"06_037_1602",17.1,34.01029,-118.0685
"1009",2024-06-17,"06_037_2005",18,34.1326,-118.1272
"1010",2024-06-17,"06_037_4008",16.4444443333333,33.859662,-118.200707
"1011",2024-06-17,"06_037_4009",14.6680556666667,33.793713,-118.171019
"1012",2024-06-17,"06_037_9035",9.2458335,34.725389,-118.178601
"1013",2024-06-18,"06_037_1103",18.3847223333333,34.06659,-118.22688
"1014",2024-06-18,"06_037_1302",14.9125,33.901389,-118.205
"1015",2024-06-18,"06_037_4008",15.211111,33.859662,-118.200707
"1016",2024-06-18,"06_037_4009",12.7333335,33.793713,-118.171019
"1017",2024-06-18,"06_037_9035",6.928261,34.725389,-118.178601
"1018",2024-06-19,"06_037_1103",17.1194443333333,34.06659,-118.22688
"1019",2024-06-19,"06_037_1302",11.9791666666667,33.901389,-118.205
"1020",2024-06-19,"06_037_4008",13.223611,33.859662,-118.200707
"1021",2024-06-19,"06_037_4009",11.3395835,33.793713,-118.171019
"1022",2024-06-19,"06_037_9035",7.9291665,34.725389,-118.178601
"1023",2024-06-20,"06_037_1103",15.3680556666667,34.06659,-118.22688
"1024",2024-06-20,"06_037_1201",12.7,34.19925,-118.53276
"1025",2024-06-20,"06_037_1302",12.7722223333333,33.901389,-118.205
"1026",2024-06-20,"06_037_1602",14.4,34.01029,-118.0685
"1027",2024-06-20,"06_037_2005",13.7,34.1326,-118.1272
"1028",2024-06-20,"06_037_4008",13.3277776666667,33.859662,-118.200707
"1029",2024-06-20,"06_037_4009",11.6458335,33.793713,-118.171019
"1030",2024-06-20,"06_037_9035",6.5208335,34.725389,-118.178601
"1031",2024-06-21,"06_037_1103",14.7277776666667,34.06659,-118.22688
"1032",2024-06-21,"06_037_1302",10.7727273333333,33.901389,-118.205
"1033",2024-06-21,"06_037_4008",12.2833333333333,33.859662,-118.200707
"1034",2024-06-21,"06_037_4009",10.3020835,33.793713,-118.171019
"1035",2024-06-21,"06_037_9035",7.8166665,34.725389,-118.178601
"1036",2024-06-22,"06_037_1103",17.9402776666667,34.06659,-118.22688
"1037",2024-06-22,"06_037_1302",13.4291666666667,33.901389,-118.205
"1038",2024-06-22,"06_037_4008",13.2833333333333,33.859662,-118.200707
"1039",2024-06-22,"06_037_4009",11.4083335,33.793713,-118.171019
"1040",2024-06-22,"06_037_9035",5.6333335,34.725389,-118.178601
"1041",2024-06-23,"06_037_1103",11.90104175,34.06659,-118.22688
"1042",2024-06-23,"06_037_1201",8.1,34.19925,-118.53276
"1043",2024-06-23,"06_037_1302",7.536111,33.901389,-118.205
"1044",2024-06-23,"06_037_1602",10.6,34.01029,-118.0685
"1045",2024-06-23,"06_037_2005",10.8,34.1326,-118.1272
"1046",2024-06-23,"06_037_4008",7.73333333333333,33.859662,-118.200707
"1047",2024-06-23,"06_037_4009",9.47916666666667,33.793713,-118.171019
"1048",2024-06-23,"06_037_9035",1.8375,34.725389,-118.178601
"1049",2024-06-24,"06_037_1103",10.4722223333333,34.06659,-118.22688
"1050",2024-06-24,"06_037_1302",7.31944433333333,33.901389,-118.205
"1051",2024-06-24,"06_037_4008",8.298611,33.859662,-118.200707
"1052",2024-06-24,"06_037_4009",5.7395835,33.793713,-118.171019
"1053",2024-06-24,"06_037_9035",4.3375,34.725389,-118.178601
"1054",2024-06-25,"06_037_1103",14.011111,34.06659,-118.22688
"1055",2024-06-25,"06_037_1302",11.211111,33.901389,-118.205
"1056",2024-06-25,"06_037_4008",12.4430556666667,33.859662,-118.200707
"1057",2024-06-25,"06_037_4009",8.4458335,33.793713,-118.171019
"1058",2024-06-25,"06_037_9035",6.4083335,34.725389,-118.178601
"1059",2024-06-26,"06_037_1103",14.0166666666667,34.06659,-118.22688
"1060",2024-06-26,"06_037_1201",11.9,34.19925,-118.53276
"1061",2024-06-26,"06_037_1302",11.8555556666667,33.901389,-118.205
"1062",2024-06-26,"06_037_1602",13.9,34.01029,-118.0685
"1063",2024-06-26,"06_037_2005",13.2,34.1326,-118.1272
"1064",2024-06-26,"06_037_4008",12.7791666666667,33.859662,-118.200707
"1065",2024-06-26,"06_037_4009",9.4229165,33.793713,-118.171019
"1066",2024-06-26,"06_037_9035",8.1125,34.725389,-118.178601
"1067",2024-06-27,"06_037_1103",12.3458333333333,34.06659,-118.22688
"1068",2024-06-27,"06_037_1302",9.18333333333333,33.901389,-118.205
"1069",2024-06-27,"06_037_4008",9.27916666666667,33.859662,-118.200707
"1070",2024-06-27,"06_037_4009",8.0458335,33.793713,-118.171019
"1071",2024-06-27,"06_037_9035",5.9083335,34.725389,-118.178601
"1072",2024-06-28,"06_037_1103",13.8458333333333,34.06659,-118.22688
"1073",2024-06-28,"06_037_1302",10.2652173333333,33.901389,-118.205
"1074",2024-06-28,"06_037_4008",10.5069443333333,33.859662,-118.200707
"1075",2024-06-28,"06_037_4009",8.3416665,33.793713,-118.171019
"1076",2024-06-28,"06_037_9035",6.9083335,34.725389,-118.178601
"1077",2024-06-29,"06_037_1103",14.965625,34.06659,-118.22688
"1078",2024-06-29,"06_037_1201",9.9,34.19925,-118.53276
"1079",2024-06-29,"06_037_1302",11.2944443333333,33.901389,-118.205
"1080",2024-06-29,"06_037_1602",13.2,34.01029,-118.0685
"1081",2024-06-29,"06_037_2005",12.3,34.1326,-118.1272
"1082",2024-06-29,"06_037_4008",11.4652776666667,33.859662,-118.200707
"1083",2024-06-29,"06_037_4009",10.6625,33.793713,-118.171019
"1084",2024-06-29,"06_037_9035",5.2458335,34.725389,-118.178601
"1085",2024-06-30,"06_037_1103",15.2194443333333,34.06659,-118.22688
"1086",2024-06-30,"06_037_1302",13.175,33.901389,-118.205
"1087",2024-06-30,"06_037_4008",13.1,33.859662,-118.200707
"1088",2024-06-30,"06_037_4009",14.9229165,33.793713,-118.171019
"1089",2024-06-30,"06_037_9035",6.4083335,34.725389,-118.178601
"1090",2024-07-01,"06_037_1103",13.0597223333333,34.06659,-118.22688
"1091",2024-07-01,"06_037_1302",8.80277766666667,33.901389,-118.205
"1092",2024-07-01,"06_037_4008",9.148611,33.859662,-118.200707
"1093",2024-07-01,"06_037_4009",7.1479165,33.793713,-118.171019
"1094",2024-07-01,"06_037_9035",6.725,34.725389,-118.178601
"1095",2024-07-02,"06_037_1103",15.6375,34.06659,-118.22688
"1096",2024-07-02,"06_037_1201",11.2,34.19925,-118.53276
"1097",2024-07-02,"06_037_1302",11.2166666666667,33.901389,-118.205
"1098",2024-07-02,"06_037_1602",12,34.01029,-118.0685
"1099",2024-07-02,"06_037_2005",13.2,34.1326,-118.1272
"1100",2024-07-02,"06_037_4008",11.023611,33.859662,-118.200707
"1101",2024-07-02,"06_037_4009",7.9416665,33.793713,-118.171019
"1102",2024-07-02,"06_037_9035",11.5208335,34.725389,-118.178601
"1103",2024-07-03,"06_037_1103",12.0180556666667,34.06659,-118.22688
"1104",2024-07-03,"06_037_1302",11.138889,33.901389,-118.205
"1105",2024-07-03,"06_037_4008",11.311111,33.859662,-118.200707
"1106",2024-07-03,"06_037_4009",12.6416665,33.793713,-118.171019
"1107",2024-07-03,"06_037_9035",7.345652,34.725389,-118.178601
"1108",2024-07-04,"06_037_1103",42.2833333333333,34.06659,-118.22688
"1109",2024-07-04,"06_037_1302",42.9819443333333,33.901389,-118.205
"1110",2024-07-04,"06_037_4008",16.651389,33.859662,-118.200707
"1111",2024-07-04,"06_037_4009",25.5354165,33.793713,-118.171019
"1112",2024-07-04,"06_037_9035",8.6125,34.725389,-118.178601
"1113",2024-07-05,"06_037_1103",58.89270825,34.06659,-118.22688
"1114",2024-07-05,"06_037_1201",38.5,34.19925,-118.53276
"1115",2024-07-05,"06_037_1302",29.7125,33.901389,-118.205
"1116",2024-07-05,"06_037_1602",68.2,34.01029,-118.0685
"1117",2024-07-05,"06_037_2005",117.2,34.1326,-118.1272
"1118",2024-07-05,"06_037_4008",31.4875,33.859662,-118.200707
"1119",2024-07-05,"06_037_4009",21.776389,33.793713,-118.171019
"1120",2024-07-05,"06_037_9035",8.1333335,34.725389,-118.178601
"1121",2024-07-06,"06_037_1103",14.3652776666667,34.06659,-118.22688
"1122",2024-07-06,"06_037_1302",8.94722233333333,33.901389,-118.205
"1123",2024-07-06,"06_037_4008",9.27222233333333,33.859662,-118.200707
"1124",2024-07-06,"06_037_4009",6.2375,33.793713,-118.171019
"1125",2024-07-06,"06_037_9035",7,34.725389,-118.178601
"1126",2024-07-07,"06_037_1103",11.7125,34.06659,-118.22688
"1127",2024-07-07,"06_037_1302",8.45972233333333,33.901389,-118.205
"1128",2024-07-07,"06_037_4008",8.661111,33.859662,-118.200707
"1129",2024-07-07,"06_037_4009",6.7354165,33.793713,-118.171019
"1130",2024-07-07,"06_037_9035",8.7041665,34.725389,-118.178601
"1131",2024-07-08,"06_037_1103",11.5125,34.06659,-118.22688
"1132",2024-07-08,"06_037_1201",10.7,34.19925,-118.53276
"1133",2024-07-08,"06_037_1302",7.7375,33.901389,-118.205
"1134",2024-07-08,"06_037_1602",11.7,34.01029,-118.0685
"1135",2024-07-08,"06_037_2005",10.9,34.1326,-118.1272
"1136",2024-07-08,"06_037_4008",9.48055566666667,33.859662,-118.200707
"1137",2024-07-08,"06_037_4009",11.3145835,33.793713,-118.171019
"1138",2024-07-08,"06_037_9035",9.8166665,34.725389,-118.178601
"1139",2024-07-09,"06_037_1103",15.1166666666667,34.06659,-118.22688
"1140",2024-07-09,"06_037_1302",14.111111,33.901389,-118.205
"1141",2024-07-09,"06_037_4008",14.9805556666667,33.859662,-118.200707
"1142",2024-07-09,"06_037_4009",11.6229165,33.793713,-118.171019
"1143",2024-07-09,"06_037_9035",11.1125,34.725389,-118.178601
"1144",2024-07-10,"06_037_1103",14.225,34.06659,-118.22688
"1145",2024-07-10,"06_037_1302",10.7819443333333,33.901389,-118.205
"1146",2024-07-10,"06_037_4008",11.623611,33.859662,-118.200707
"1147",2024-07-10,"06_037_4009",10.7125,33.793713,-118.171019
"1148",2024-07-10,"06_037_9035",14.5208335,34.725389,-118.178601
"1149",2024-07-11,"06_037_1103",15.0785715,34.06659,-118.22688
"1150",2024-07-11,"06_037_1201",13.3,34.19925,-118.53276
"1151",2024-07-11,"06_037_1302",11.0819443333333,33.901389,-118.205
"1152",2024-07-11,"06_037_1602",12.2,34.01029,-118.0685
"1153",2024-07-11,"06_037_2005",13.5,34.1326,-118.1272
"1154",2024-07-11,"06_037_4008",11.163889,33.859662,-118.200707
"1155",2024-07-11,"06_037_4009",10.3833333333333,33.793713,-118.171019
"1156",2024-07-11,"06_037_9035",11.2041665,34.725389,-118.178601
"1157",2024-07-12,"06_037_1103",14.675,34.06659,-118.22688
"1158",2024-07-12,"06_037_1302",9.376389,33.901389,-118.205
"1159",2024-07-12,"06_037_4008",10.4291666666667,33.859662,-118.200707
"1160",2024-07-12,"06_037_4009",8.825,33.793713,-118.171019
"1161",2024-07-12,"06_037_9035",11.8375,34.725389,-118.178601
"1162",2024-07-13,"06_037_1103",14.5805556666667,34.06659,-118.22688
"1163",2024-07-13,"06_037_1302",11.2069443333333,33.901389,-118.205
"1164",2024-07-13,"06_037_4008",10.5680556666667,33.859662,-118.200707
"1165",2024-07-13,"06_037_4009",7.0208335,33.793713,-118.171019
"1166",2024-07-13,"06_037_9035",16.9291665,34.725389,-118.178601
"1167",2024-07-14,"06_037_1103",12.1722223333333,34.06659,-118.22688
"1168",2024-07-14,"06_037_1201",9.5,34.19925,-118.53276
"1169",2024-07-14,"06_037_1302",10.626389,33.901389,-118.205
"1170",2024-07-14,"06_037_1602",9.8,34.01029,-118.0685
"1171",2024-07-14,"06_037_2005",11.5,34.1326,-118.1272
"1172",2024-07-14,"06_037_4008",10.3277776666667,33.859662,-118.200707
"1173",2024-07-14,"06_037_4009",10.01875,33.793713,-118.171019
"1174",2024-07-14,"06_037_9035",10.5,34.725389,-118.178601
"1175",2024-07-15,"06_037_1103",10.875,34.06659,-118.22688
"1176",2024-07-15,"06_037_1302",8.088889,33.901389,-118.205
"1177",2024-07-15,"06_037_4008",8.69722233333333,33.859662,-118.200707
"1178",2024-07-15,"06_037_4009",7.7166665,33.793713,-118.171019
"1179",2024-07-15,"06_037_9035",9.1125,34.725389,-118.178601
"1180",2024-07-16,"06_037_1103",8.56944433333333,34.06659,-118.22688
"1181",2024-07-16,"06_037_1302",4.85,33.901389,-118.205
"1182",2024-07-16,"06_037_4008",6.523611,33.859662,-118.200707
"1183",2024-07-16,"06_037_4009",5.5395835,33.793713,-118.171019
"1184",2024-07-16,"06_037_9035",9.7041665,34.725389,-118.178601
"1185",2024-07-17,"06_037_1103",9.35625,34.06659,-118.22688
"1186",2024-07-17,"06_037_1201",8.1,34.19925,-118.53276
"1187",2024-07-17,"06_037_1302",7.5,33.901389,-118.205
"1188",2024-07-17,"06_037_1602",8.1,34.01029,-118.0685
"1189",2024-07-17,"06_037_2005",8.5,34.1326,-118.1272
"1190",2024-07-17,"06_037_4008",6.65833333333333,33.859662,-118.200707
"1191",2024-07-17,"06_037_4009",5.30833333333333,33.793713,-118.171019
"1192",2024-07-17,"06_037_9035",8.125,34.725389,-118.178601
"1193",2024-07-18,"06_037_1103",12.5902776666667,34.06659,-118.22688
"1194",2024-07-18,"06_037_1302",9.8,33.901389,-118.205
"1195",2024-07-18,"06_037_4008",8.69722233333333,33.859662,-118.200707
"1196",2024-07-18,"06_037_4009",7.4166665,33.793713,-118.171019
"1197",2024-07-18,"06_037_9035",3.529412,34.725389,-118.178601
"1198",2024-07-19,"06_037_1103",26.4097223333333,34.06659,-118.22688
"1199",2024-07-19,"06_037_1302",12.2,33.901389,-118.205
"1200",2024-07-19,"06_037_4008",12.9152776666667,33.859662,-118.200707
"1201",2024-07-19,"06_037_4009",12.425,33.793713,-118.171019
"1202",2024-07-19,"06_037_9035",4.5416665,34.725389,-118.178601
"1203",2024-07-20,"06_037_1103",12.588889,34.06659,-118.22688
"1204",2024-07-20,"06_037_1201",8.8,34.19925,-118.53276
"1205",2024-07-20,"06_037_1302",7.6,33.901389,-118.205
"1206",2024-07-20,"06_037_1602",12.9,34.01029,-118.0685
"1207",2024-07-20,"06_037_2005",10.9,34.1326,-118.1272
"1208",2024-07-20,"06_037_4008",8.26805566666667,33.859662,-118.200707
"1209",2024-07-20,"06_037_4009",12.1270835,33.793713,-118.171019
"1210",2024-07-20,"06_037_9035",2.9291665,34.725389,-118.178601
"1211",2024-07-21,"06_037_1103",13.936111,34.06659,-118.22688
"1212",2024-07-21,"06_037_1302",12,33.901389,-118.205
"1213",2024-07-21,"06_037_4008",10.9347223333333,33.859662,-118.200707
"1214",2024-07-21,"06_037_4009",8.9125,33.793713,-118.171019
"1215",2024-07-21,"06_037_9035",4.0208335,34.725389,-118.178601
"1216",2024-07-22,"06_037_1103",12.4847223333333,34.06659,-118.22688
"1217",2024-07-22,"06_037_1302",10.6,33.901389,-118.205
"1218",2024-07-22,"06_037_4008",10.9625,33.859662,-118.200707
"1219",2024-07-22,"06_037_4009",8.51875,33.793713,-118.171019
"1220",2024-07-22,"06_037_9035",5.5,34.725389,-118.178601
"1221",2024-07-23,"06_037_1103",9.59791675,34.06659,-118.22688
"1222",2024-07-23,"06_037_1201",8.9,34.19925,-118.53276
"1223",2024-07-23,"06_037_1302",8.3,33.901389,-118.205
"1224",2024-07-23,"06_037_1602",9.4,34.01029,-118.0685
"1225",2024-07-23,"06_037_2005",9.3,34.1326,-118.1272
"1226",2024-07-23,"06_037_4008",10.0055556666667,33.859662,-118.200707
"1227",2024-07-23,"06_037_4009",8.38333333333333,33.793713,-118.171019
"1228",2024-07-23,"06_037_9035",8.8375,34.725389,-118.178601
"1229",2024-07-24,"06_037_1103",11.0555556666667,34.06659,-118.22688
"1230",2024-07-24,"06_037_1302",9.6,33.901389,-118.205
"1231",2024-07-24,"06_037_4008",10.525,33.859662,-118.200707
"1232",2024-07-24,"06_037_4009",9.6479165,33.793713,-118.171019
"1233",2024-07-24,"06_037_9035",9,34.725389,-118.178601
"1234",2024-07-25,"06_037_1103",14.5180556666667,34.06659,-118.22688
"1235",2024-07-25,"06_037_1302",9.6083335,33.901389,-118.205
"1236",2024-07-25,"06_037_4008",12.8041665,33.859662,-118.200707
"1237",2024-07-25,"06_037_4009",11.925,33.793713,-118.171019
"1238",2024-07-26,"06_037_1103",13.0222223333333,34.06659,-118.22688
"1239",2024-07-26,"06_037_1201",9,34.19925,-118.53276
"1240",2024-07-26,"06_037_1302",8.771212,33.901389,-118.205
"1241",2024-07-26,"06_037_1602",11.7,34.01029,-118.0685
"1242",2024-07-26,"06_037_2005",12.2,34.1326,-118.1272
"1243",2024-07-26,"06_037_4008",11.9416665,33.859662,-118.200707
"1244",2024-07-26,"06_037_4009",9.8458335,33.793713,-118.171019
"1245",2024-07-27,"06_037_1103",15.4819443333333,34.06659,-118.22688
"1246",2024-07-27,"06_037_1302",11.3416666666667,33.901389,-118.205
"1247",2024-07-27,"06_037_4008",13.2041665,33.859662,-118.200707
"1248",2024-07-27,"06_037_4009",9.74375,33.793713,-118.171019
"1249",2024-07-28,"06_037_1103",11.9541666666667,34.06659,-118.22688
"1250",2024-07-28,"06_037_1302",8.32222233333333,33.901389,-118.205
"1251",2024-07-28,"06_037_4008",9.94375,33.859662,-118.200707
"1252",2024-07-28,"06_037_4009",9.9125,33.793713,-118.171019
"1253",2024-07-29,"06_037_1103",9.775,34.06659,-118.22688
"1254",2024-07-29,"06_037_1201",7.7,34.19925,-118.53276
"1255",2024-07-29,"06_037_1302",5.95416666666667,33.901389,-118.205
"1256",2024-07-29,"06_037_1602",9.5,34.01029,-118.0685
"1257",2024-07-29,"06_037_2005",9.3,34.1326,-118.1272
"1258",2024-07-29,"06_037_4008",8.8375,33.859662,-118.200707
"1259",2024-07-29,"06_037_4009",7.261111,33.793713,-118.171019
"1260",2024-07-29,"06_037_9035",5.8,34.725389,-118.178601
"1261",2024-07-30,"06_037_1103",11.861111,34.06659,-118.22688
"1262",2024-07-30,"06_037_1302",7.74166666666667,33.901389,-118.205
"1263",2024-07-30,"06_037_4008",9.02777766666667,33.859662,-118.200707
"1264",2024-07-30,"06_037_4009",7.94375,33.793713,-118.171019
"1265",2024-07-30,"06_037_9035",7.0416665,34.725389,-118.178601
"1266",2024-07-31,"06_037_1103",10.5083333333333,34.06659,-118.22688
"1267",2024-07-31,"06_037_1302",7.7479165,33.901389,-118.205
"1268",2024-07-31,"06_037_4008",10.5395835,33.859662,-118.200707
"1269",2024-07-31,"06_037_4009",6.6354165,33.793713,-118.171019
"1270",2024-07-31,"06_037_9035",7.3166665,34.725389,-118.178601
"1271",2024-08-01,"06_037_1103",10.4694443333333,34.06659,-118.22688
"1272",2024-08-01,"06_037_1201",9,34.19925,-118.53276
"1273",2024-08-01,"06_037_1302",7.44583333333333,33.901389,-118.205
"1274",2024-08-01,"06_037_1602",10.5,34.01029,-118.0685
"1275",2024-08-01,"06_037_2005",9.7,34.1326,-118.1272
"1276",2024-08-01,"06_037_4008",8.92083333333333,33.859662,-118.200707
"1277",2024-08-01,"06_037_4009",8.1291665,33.793713,-118.171019
"1278",2024-08-01,"06_037_9035",5.3375,34.725389,-118.178601
"1279",2024-08-02,"06_037_1103",10.9833333333333,34.06659,-118.22688
"1280",2024-08-02,"06_037_1302",6.42083333333333,33.901389,-118.205
"1281",2024-08-02,"06_037_4008",8.2375,33.859662,-118.200707
"1282",2024-08-02,"06_037_4009",9.14375,33.793713,-118.171019
"1283",2024-08-02,"06_037_9035",8.8375,34.725389,-118.178601
"1284",2024-08-03,"06_037_1103",11.138889,34.06659,-118.22688
"1285",2024-08-03,"06_037_1302",6.55833333333333,33.901389,-118.205
"1286",2024-08-03,"06_037_4008",7.56666666666667,33.859662,-118.200707
"1287",2024-08-03,"06_037_4009",8.3125,33.793713,-118.171019
"1288",2024-08-03,"06_037_9035",6.3375,34.725389,-118.178601
"1289",2024-08-04,"06_037_1103",11.31041675,34.06659,-118.22688
"1290",2024-08-04,"06_037_1201",8.9,34.19925,-118.53276
"1291",2024-08-04,"06_037_1302",8.14722233333333,33.901389,-118.205
"1292",2024-08-04,"06_037_1602",10.1,34.01029,-118.0685
"1293",2024-08-04,"06_037_2005",10.2,34.1326,-118.1272
"1294",2024-08-04,"06_037_4008",8.63333333333333,33.859662,-118.200707
"1295",2024-08-04,"06_037_4009",9.0264705,33.793713,-118.171019
"1296",2024-08-04,"06_037_9035",5.3166665,34.725389,-118.178601
"1297",2024-08-05,"06_037_1103",14.8472223333333,34.06659,-118.22688
"1298",2024-08-05,"06_037_1302",11.5097223333333,33.901389,-118.205
"1299",2024-08-05,"06_037_4008",12.6188406666667,33.859662,-118.200707
"1300",2024-08-05,"06_037_4009",12.2270835,33.793713,-118.171019
"1301",2024-08-05,"06_037_9035",4.5208335,34.725389,-118.178601
"1302",2024-08-06,"06_037_1103",14.6972223333333,34.06659,-118.22688
"1303",2024-08-06,"06_037_1302",10.8527776666667,33.901389,-118.205
"1304",2024-08-06,"06_037_4008",10.6416666666667,33.859662,-118.200707
"1305",2024-08-06,"06_037_4009",10.9333335,33.793713,-118.171019
"1306",2024-08-06,"06_037_9035",6.8375,34.725389,-118.178601
"1307",2024-08-07,"06_037_1103",16.1875,34.06659,-118.22688
"1308",2024-08-07,"06_037_1201",11.4,34.19925,-118.53276
"1309",2024-08-07,"06_037_1302",11.4666666666667,33.901389,-118.205
"1310",2024-08-07,"06_037_1602",14.1,34.01029,-118.0685
"1311",2024-08-07,"06_037_2005",12.2,34.1326,-118.1272
"1312",2024-08-07,"06_037_4008",11.823611,33.859662,-118.200707
"1313",2024-08-07,"06_037_4009",10.309524,33.793713,-118.171019
"1314",2024-08-07,"06_037_9035",6.5454545,34.725389,-118.178601
"1315",2024-08-08,"06_037_1103",15.1194443333333,34.06659,-118.22688
"1316",2024-08-08,"06_037_1302",9.40833333333333,33.901389,-118.205
"1317",2024-08-08,"06_037_4008",9.973611,33.859662,-118.200707
"1318",2024-08-08,"06_037_4009",7.547619,33.793713,-118.171019
"1319",2024-08-08,"06_037_9035",6.7458335,34.725389,-118.178601
"1320",2024-08-09,"06_037_1103",12.9190476666667,34.06659,-118.22688
"1321",2024-08-09,"06_037_1302",8.84305566666667,33.901389,-118.205
"1322",2024-08-09,"06_037_4008",10.2777776666667,33.859662,-118.200707
"1323",2024-08-09,"06_037_4009",7.6104165,33.793713,-118.171019
"1324",2024-08-09,"06_037_9035",5.1125,34.725389,-118.178601
"1325",2024-08-10,"06_037_1103",13.703125,34.06659,-118.22688
"1326",2024-08-10,"06_037_1201",10,34.19925,-118.53276
"1327",2024-08-10,"06_037_1302",12.25,33.901389,-118.205
"1328",2024-08-10,"06_037_1602",11.6,34.01029,-118.0685
"1329",2024-08-10,"06_037_2005",12.5,34.1326,-118.1272
"1330",2024-08-10,"06_037_4008",11.8527776666667,33.859662,-118.200707
"1331",2024-08-10,"06_037_4009",10.3902776666667,33.793713,-118.171019
"1332",2024-08-10,"06_037_9035",4.2041665,34.725389,-118.178601
"1333",2024-08-11,"06_037_1103",15.9472223333333,34.06659,-118.22688
"1334",2024-08-11,"06_037_1302",12.5680556666667,33.901389,-118.205
"1335",2024-08-11,"06_037_4008",12.5444443333333,33.859662,-118.200707
"1336",2024-08-11,"06_037_4009",11.2395835,33.793713,-118.171019
"1337",2024-08-11,"06_037_9035",7.0416665,34.725389,-118.178601
"1338",2024-08-12,"06_037_1103",13.1430556666667,34.06659,-118.22688
"1339",2024-08-12,"06_037_1302",10.3541666666667,33.901389,-118.205
"1340",2024-08-12,"06_037_4008",12.1708333333333,33.859662,-118.200707
"1341",2024-08-12,"06_037_4009",10.44375,33.793713,-118.171019
"1342",2024-08-12,"06_037_9035",7.5416665,34.725389,-118.178601
"1343",2024-08-13,"06_037_1103",12.9555556666667,34.06659,-118.22688
"1344",2024-08-13,"06_037_1201",9.4,34.19925,-118.53276
"1345",2024-08-13,"06_037_1302",10.423611,33.901389,-118.205
"1346",2024-08-13,"06_037_1602",11,34.01029,-118.0685
"1347",2024-08-13,"06_037_2005",10.5,34.1326,-118.1272
"1348",2024-08-13,"06_037_4008",10.976389,33.859662,-118.200707
"1349",2024-08-13,"06_037_4009",8.7166665,33.793713,-118.171019
"1350",2024-08-13,"06_037_9035",6.1125,34.725389,-118.178601
"1351",2024-08-14,"06_037_1103",15.8291666666667,34.06659,-118.22688
"1352",2024-08-14,"06_037_1302",11.119697,33.901389,-118.205
"1353",2024-08-14,"06_037_4008",12.2277776666667,33.859662,-118.200707
"1354",2024-08-14,"06_037_4009",10.2041665,33.793713,-118.171019
"1355",2024-08-14,"06_037_9035",3.6333335,34.725389,-118.178601
"1356",2024-08-15,"06_037_1103",13.311111,34.06659,-118.22688
"1357",2024-08-15,"06_037_1302",9.16805566666667,33.901389,-118.205
"1358",2024-08-15,"06_037_4008",10.752381,33.859662,-118.200707
"1359",2024-08-15,"06_037_4009",7.840909,33.793713,-118.171019
"1360",2024-08-15,"06_037_9035",3.3375,34.725389,-118.178601
"1361",2024-08-16,"06_037_1103",12.93125,34.06659,-118.22688
"1362",2024-08-16,"06_037_1201",10.7,34.19925,-118.53276
"1363",2024-08-16,"06_037_1302",10.3375,33.901389,-118.205
"1364",2024-08-16,"06_037_1602",11.6,34.01029,-118.0685
"1365",2024-08-16,"06_037_2005",12.2,34.1326,-118.1272
"1366",2024-08-16,"06_037_4008",10.7722223333333,33.859662,-118.200707
"1367",2024-08-16,"06_037_4009",8.31666666666667,33.793713,-118.171019
"1368",2024-08-16,"06_037_9035",5.8375,34.725389,-118.178601
"1369",2024-08-17,"06_037_1103",12.5680556666667,34.06659,-118.22688
"1370",2024-08-17,"06_037_1302",9.32916666666667,33.901389,-118.205
"1371",2024-08-17,"06_037_4008",9.58333333333333,33.859662,-118.200707
"1372",2024-08-17,"06_037_4009",7.8125,33.793713,-118.171019
"1373",2024-08-17,"06_037_9035",5.3166665,34.725389,-118.178601
"1374",2024-08-18,"06_037_1103",11.838889,34.06659,-118.22688
"1375",2024-08-18,"06_037_1302",8.223611,33.901389,-118.205
"1376",2024-08-18,"06_037_4008",9.24305566666667,33.859662,-118.200707
"1377",2024-08-18,"06_037_4009",6.5416665,33.793713,-118.171019
"1378",2024-08-18,"06_037_9035",5.4291665,34.725389,-118.178601
"1379",2024-08-19,"06_037_1103",10.7444443333333,34.06659,-118.22688
"1380",2024-08-19,"06_037_1201",6.7,34.19925,-118.53276
"1381",2024-08-19,"06_037_1302",7.54722233333333,33.901389,-118.205
"1382",2024-08-19,"06_037_1602",9.9,34.01029,-118.0685
"1383",2024-08-19,"06_037_2005",9.5,34.1326,-118.1272
"1384",2024-08-19,"06_037_4008",8.4375,33.859662,-118.200707
"1385",2024-08-19,"06_037_4009",6.2041665,33.793713,-118.171019
"1386",2024-08-19,"06_037_9035",4.8166665,34.725389,-118.178601
"1387",2024-08-20,"06_037_1103",11.975,34.06659,-118.22688
"1388",2024-08-20,"06_037_1302",10.3222223333333,33.901389,-118.205
"1389",2024-08-20,"06_037_4008",11.3348483333333,33.859662,-118.200707
"1390",2024-08-20,"06_037_4009",7.73125,33.793713,-118.171019
"1391",2024-08-20,"06_037_9035",3.618182,34.725389,-118.178601
"1392",2024-08-21,"06_037_1103",13.6291666666667,34.06659,-118.22688
"1393",2024-08-21,"06_037_1302",9.29027766666667,33.901389,-118.205
"1394",2024-08-21,"06_037_4008",10.3958333333333,33.859662,-118.200707
"1395",2024-08-21,"06_037_4009",6.9020835,33.793713,-118.171019
"1396",2024-08-21,"06_037_9035",7,34.725389,-118.178601
"1397",2024-08-22,"06_037_1103",11.81666675,34.06659,-118.22688
"1398",2024-08-22,"06_037_1201",8.5,34.19925,-118.53276
"1399",2024-08-22,"06_037_1302",9.625,33.901389,-118.205
"1400",2024-08-22,"06_037_1602",11.4,34.01029,-118.0685
"1401",2024-08-22,"06_037_2005",10.1,34.1326,-118.1272
"1402",2024-08-22,"06_037_4008",9.90694433333333,33.859662,-118.200707
"1403",2024-08-22,"06_037_4009",9.0875,33.793713,-118.171019
"1404",2024-08-22,"06_037_9035",3.618182,34.725389,-118.178601
"1405",2024-08-23,"06_037_1103",10.4916666666667,34.06659,-118.22688
"1406",2024-08-23,"06_037_1302",7.125,33.901389,-118.205
"1407",2024-08-23,"06_037_4008",8.64305566666667,33.859662,-118.200707
"1408",2024-08-23,"06_037_4009",7.4875,33.793713,-118.171019
"1409",2024-08-23,"06_037_9035",5.8375,34.725389,-118.178601
"1410",2024-08-24,"06_037_1103",11.086111,34.06659,-118.22688
"1411",2024-08-24,"06_037_1302",8.16527766666667,33.901389,-118.205
"1412",2024-08-24,"06_037_4008",10.1402776666667,33.859662,-118.200707
"1413",2024-08-24,"06_037_9035",8.1333335,34.725389,-118.178601
"1414",2024-08-25,"06_037_1103",11.5125,34.06659,-118.22688
"1415",2024-08-25,"06_037_1201",9,34.19925,-118.53276
"1416",2024-08-25,"06_037_1302",8.12916666666667,33.901389,-118.205
"1417",2024-08-25,"06_037_1602",10.2,34.01029,-118.0685
"1418",2024-08-25,"06_037_2005",9.8,34.1326,-118.1272
"1419",2024-08-25,"06_037_4008",9.21527766666667,33.859662,-118.200707
"1420",2024-08-25,"06_037_9035",7.8375,34.725389,-118.178601
"1421",2024-08-26,"06_037_1103",11.6791666666667,34.06659,-118.22688
"1422",2024-08-26,"06_037_1302",8.89305566666667,33.901389,-118.205
"1423",2024-08-26,"06_037_4008",10.425,33.859662,-118.200707
"1424",2024-08-26,"06_037_9035",6.2041665,34.725389,-118.178601
"1425",2024-08-27,"06_037_1103",12.0055556666667,34.06659,-118.22688
"1426",2024-08-27,"06_037_1302",11.1402776666667,33.901389,-118.205
"1427",2024-08-27,"06_037_4008",12.0666666666667,33.859662,-118.200707
"1428",2024-08-27,"06_037_9035",6.5,34.725389,-118.178601
"1429",2024-08-28,"06_037_1103",15.08854175,34.06659,-118.22688
"1430",2024-08-28,"06_037_1201",9.7,34.19925,-118.53276
"1431",2024-08-28,"06_037_1302",13.44127,33.901389,-118.205
"1432",2024-08-28,"06_037_1602",14.6,34.01029,-118.0685
"1433",2024-08-28,"06_037_2005",12,34.1326,-118.1272
"1434",2024-08-28,"06_037_4008",17.576389,33.859662,-118.200707
"1435",2024-08-28,"06_037_4009",12,33.793713,-118.171019
"1436",2024-08-28,"06_037_9035",4.3375,34.725389,-118.178601
"1437",2024-08-29,"06_037_1103",15.3680556666667,34.06659,-118.22688
"1438",2024-08-29,"06_037_1302",14.7430556666667,33.901389,-118.205
"1439",2024-08-29,"06_037_4008",17.463889,33.859662,-118.200707
"1440",2024-08-29,"06_037_9035",8.027778,34.725389,-118.178601
"1441",2024-08-30,"06_037_1103",12.4097223333333,34.06659,-118.22688
"1442",2024-08-30,"06_037_1302",13.175,33.901389,-118.205
"1443",2024-08-30,"06_037_4008",12.8430556666667,33.859662,-118.200707
"1444",2024-08-30,"06_037_4009",4.94,33.793713,-118.171019
"1445",2024-08-30,"06_037_9035",6.4291665,34.725389,-118.178601
"1446",2024-08-31,"06_037_1103",14.9583333333333,34.06659,-118.22688
"1447",2024-08-31,"06_037_1302",12.7819443333333,33.901389,-118.205
"1448",2024-08-31,"06_037_1602",12.5,34.01029,-118.0685
"1449",2024-08-31,"06_037_2005",13.3,34.1326,-118.1272
"1450",2024-08-31,"06_037_4008",14.3819443333333,33.859662,-118.200707
"1451",2024-08-31,"06_037_4009",11.2333335,33.793713,-118.171019
"1452",2024-08-31,"06_037_9035",4.6125,34.725389,-118.178601
"1453",2024-09-01,"06_037_1103",16.1722223333333,34.06659,-118.22688
"1454",2024-09-01,"06_037_1302",13.3930556666667,33.901389,-118.205
"1455",2024-09-01,"06_037_4008",12.9597223333333,33.859662,-118.200707
"1456",2024-09-01,"06_037_4009",7.90625,33.793713,-118.171019
"1457",2024-09-01,"06_037_9035",5,34.725389,-118.178601
"1458",2024-09-02,"06_037_1103",16.913889,34.06659,-118.22688
"1459",2024-09-02,"06_037_1302",16.0166666666667,33.901389,-118.205
"1460",2024-09-02,"06_037_4008",15.376389,33.859662,-118.200707
"1461",2024-09-02,"06_037_4009",10.8104165,33.793713,-118.171019
"1462",2024-09-02,"06_037_9035",5.0416665,34.725389,-118.178601
"1463",2024-09-03,"06_037_1103",15.23645825,34.06659,-118.22688
"1464",2024-09-03,"06_037_1302",17.15,33.901389,-118.205
"1465",2024-09-03,"06_037_1602",13,34.01029,-118.0685
"1466",2024-09-03,"06_037_2005",13.5,34.1326,-118.1272
"1467",2024-09-03,"06_037_4008",17.7,33.859662,-118.200707
"1468",2024-09-03,"06_037_4009",12.1819443333333,33.793713,-118.171019
"1469",2024-09-03,"06_037_9035",4.5208335,34.725389,-118.178601
"1470",2024-09-04,"06_037_1103",13.9722223333333,34.06659,-118.22688
"1471",2024-09-04,"06_037_1302",10.562319,33.901389,-118.205
"1472",2024-09-04,"06_037_4008",12.1291666666667,33.859662,-118.200707
"1473",2024-09-04,"06_037_4009",8.9229165,33.793713,-118.171019
"1474",2024-09-04,"06_037_9035",7.618182,34.725389,-118.178601
"1475",2024-09-05,"06_037_1103",15.4742423333333,34.06659,-118.22688
"1476",2024-09-05,"06_037_1302",15.551389,33.901389,-118.205
"1477",2024-09-05,"06_037_4008",12.463889,33.859662,-118.200707
"1478",2024-09-05,"06_037_4009",8.2208335,33.793713,-118.171019
"1479",2024-09-05,"06_037_9035",6.6333335,34.725389,-118.178601
"1480",2024-09-06,"06_037_1103",17.7,34.06659,-118.22688
"1481",2024-09-06,"06_037_1201",10.2,34.19925,-118.53276
"1482",2024-09-06,"06_037_1302",13.6058825,33.901389,-118.205
"1483",2024-09-06,"06_037_1602",14.7,34.01029,-118.0685
"1484",2024-09-06,"06_037_2005",13.1,34.1326,-118.1272
"1485",2024-09-06,"06_037_4008",14.8527776666667,33.859662,-118.200707
"1486",2024-09-06,"06_037_4009",9.3229165,33.793713,-118.171019
"1487",2024-09-06,"06_037_9035",10.6333335,34.725389,-118.178601
"1488",2024-09-07,"06_037_1103",20.2208333333333,34.06659,-118.22688
"1489",2024-09-07,"06_037_4008",17.2833333333333,33.859662,-118.200707
"1490",2024-09-07,"06_037_4009",14.9020835,33.793713,-118.171019
"1491",2024-09-07,"06_037_9035",7.2458335,34.725389,-118.178601
"1492",2024-09-08,"06_037_1103",19.488889,34.06659,-118.22688
"1493",2024-09-08,"06_037_4008",14.661111,33.859662,-118.200707
"1494",2024-09-08,"06_037_4009",11.91875,33.793713,-118.171019
"1495",2024-09-08,"06_037_9035",6.7458335,34.725389,-118.178601
"1496",2024-09-09,"06_037_1103",13.91666675,34.06659,-118.22688
"1497",2024-09-09,"06_037_1201",5.7,34.19925,-118.53276
"1498",2024-09-09,"06_037_1602",20.9,34.01029,-118.0685
"1499",2024-09-09,"06_037_2005",16.6,34.1326,-118.1272
"1500",2024-09-09,"06_037_4008",15.326389,33.859662,-118.200707
"1501",2024-09-09,"06_037_4009",11.6416665,33.793713,-118.171019
"1502",2024-09-09,"06_037_9035",5.8375,34.725389,-118.178601
"1503",2024-09-10,"06_037_1103",11.1708333333333,34.06659,-118.22688
"1504",2024-09-10,"06_037_4008",10.136111,33.859662,-118.200707
"1505",2024-09-10,"06_037_4009",6.8395835,33.793713,-118.171019
"1506",2024-09-10,"06_037_9035",6.4291665,34.725389,-118.178601
"1507",2024-09-11,"06_037_1103",11.2430556666667,34.06659,-118.22688
"1508",2024-09-11,"06_037_4008",7.973611,33.859662,-118.200707
"1509",2024-09-11,"06_037_4009",5.7413045,33.793713,-118.171019
"1510",2024-09-11,"06_037_9035",6.0434785,34.725389,-118.178601
"1511",2024-09-12,"06_037_1103",10.5708333333333,34.06659,-118.22688
"1512",2024-09-12,"06_037_1201",11.2,34.19925,-118.53276
"1513",2024-09-12,"06_037_1302",7.221429,33.901389,-118.205
"1514",2024-09-12,"06_037_1602",9.7,34.01029,-118.0685
"1515",2024-09-12,"06_037_2005",9.6,34.1326,-118.1272
"1516",2024-09-12,"06_037_4008",10.5152776666667,33.859662,-118.200707
"1517",2024-09-12,"06_037_4009",6.92777766666667,33.793713,-118.171019
"1518",2024-09-12,"06_037_9035",5.1369565,34.725389,-118.178601
"1519",2024-09-13,"06_037_1103",12.5555556666667,34.06659,-118.22688
"1520",2024-09-13,"06_037_1302",9.41527766666667,33.901389,-118.205
"1521",2024-09-13,"06_037_4008",11.3916666666667,33.859662,-118.200707
"1522",2024-09-13,"06_037_4009",7.2083335,33.793713,-118.171019
"1523",2024-09-13,"06_037_9035",11.7041665,34.725389,-118.178601
"1524",2024-09-14,"06_037_1103",12.4777776666667,34.06659,-118.22688
"1525",2024-09-14,"06_037_1302",10.8472223333333,33.901389,-118.205
"1526",2024-09-14,"06_037_4008",13.286111,33.859662,-118.200707
"1527",2024-09-14,"06_037_4009",10.6104165,33.793713,-118.171019
"1528",2024-09-14,"06_037_9035",14.3375,34.725389,-118.178601
"1529",2024-09-15,"06_037_1103",8.22916675,34.06659,-118.22688
"1530",2024-09-15,"06_037_1201",8,34.19925,-118.53276
"1531",2024-09-15,"06_037_1302",7.001389,33.901389,-118.205
"1532",2024-09-15,"06_037_1602",8.4,34.01029,-118.0685
"1533",2024-09-15,"06_037_2005",7.4,34.1326,-118.1272
"1534",2024-09-15,"06_037_4008",7.638889,33.859662,-118.200707
"1535",2024-09-15,"06_037_4009",5.95,33.793713,-118.171019
"1536",2024-09-15,"06_037_9035",8.4291665,34.725389,-118.178601
"1537",2024-09-16,"06_037_1103",6.79027766666667,34.06659,-118.22688
"1538",2024-09-16,"06_037_1302",5.4,33.901389,-118.205
"1539",2024-09-16,"06_037_4008",7.34305566666667,33.859662,-118.200707
"1540",2024-09-16,"06_037_4009",4.2145835,33.793713,-118.171019
"1541",2024-09-16,"06_037_9035",5.0208335,34.725389,-118.178601
"1542",2024-09-17,"06_037_1103",8.62777766666667,34.06659,-118.22688
"1543",2024-09-17,"06_037_1302",6.91527766666667,33.901389,-118.205
"1544",2024-09-17,"06_037_4008",8.39722233333333,33.859662,-118.200707
"1545",2024-09-17,"06_037_4009",4.7125,33.793713,-118.171019
"1546",2024-09-17,"06_037_9035",3.1125,34.725389,-118.178601
"1547",2024-09-18,"06_037_1103",9.651389,34.06659,-118.22688
"1548",2024-09-18,"06_037_1201",8.7,34.19925,-118.53276
"1549",2024-09-18,"06_037_1302",7.63055566666667,33.901389,-118.205
"1550",2024-09-18,"06_037_1602",10,34.01029,-118.0685
"1551",2024-09-18,"06_037_2005",8.3,34.1326,-118.1272
"1552",2024-09-18,"06_037_4008",8.96212133333333,33.859662,-118.200707
"1553",2024-09-18,"06_037_4009",7.7190475,33.793713,-118.171019
"1554",2024-09-18,"06_037_9035",6.8347825,34.725389,-118.178601
"1555",2024-09-19,"06_037_1103",8.41805566666667,34.06659,-118.22688
"1556",2024-09-19,"06_037_1302",5.31944433333333,33.901389,-118.205
"1557",2024-09-19,"06_037_4008",7.148611,33.859662,-118.200707
"1558",2024-09-19,"06_037_4009",3.5083335,33.793713,-118.171019
"1559",2024-09-19,"06_037_9035",7.5,34.725389,-118.178601
"1560",2024-09-20,"06_037_1103",7.10317466666667,34.06659,-118.22688
"1561",2024-09-20,"06_037_1302",7.84583333333333,33.901389,-118.205
"1562",2024-09-20,"06_037_4008",7.0625,33.859662,-118.200707
"1563",2024-09-20,"06_037_4009",3.20625,33.793713,-118.171019
"1564",2024-09-20,"06_037_9035",5.1125,34.725389,-118.178601
"1565",2024-09-21,"06_037_1103",11.43333325,34.06659,-118.22688
"1566",2024-09-21,"06_037_1201",9.7,34.19925,-118.53276
"1567",2024-09-21,"06_037_1302",7.62083333333333,33.901389,-118.205
"1568",2024-09-21,"06_037_1602",9.3,34.01029,-118.0685
"1569",2024-09-21,"06_037_2005",10.7,34.1326,-118.1272
"1570",2024-09-21,"06_037_4008",7.9375,33.859662,-118.200707
"1571",2024-09-21,"06_037_4009",5.2125,33.793713,-118.171019
"1572",2024-09-21,"06_037_9035",4.4083335,34.725389,-118.178601
"1573",2024-09-22,"06_037_1103",12.3347223333333,34.06659,-118.22688
"1574",2024-09-22,"06_037_1302",11.5819443333333,33.901389,-118.205
"1575",2024-09-22,"06_037_4008",11.6402776666667,33.859662,-118.200707
"1576",2024-09-22,"06_037_4009",10.61875,33.793713,-118.171019
"1577",2024-09-22,"06_037_9035",4.4291665,34.725389,-118.178601
"1578",2024-09-23,"06_037_1103",14.0055556666667,34.06659,-118.22688
"1579",2024-09-23,"06_037_1302",10.0805556666667,33.901389,-118.205
"1580",2024-09-23,"06_037_4008",11.9152776666667,33.859662,-118.200707
"1581",2024-09-23,"06_037_4009",11.2354165,33.793713,-118.171019
"1582",2024-09-23,"06_037_9035",4.5208335,34.725389,-118.178601
"1583",2024-09-24,"06_037_1103",15.6069443333333,34.06659,-118.22688
"1584",2024-09-24,"06_037_1201",10.7,34.19925,-118.53276
"1585",2024-09-24,"06_037_1302",10.9597223333333,33.901389,-118.205
"1586",2024-09-24,"06_037_1602",14.6,34.01029,-118.0685
"1587",2024-09-24,"06_037_2005",13.8,34.1326,-118.1272
"1588",2024-09-24,"06_037_4008",11.988889,33.859662,-118.200707
"1589",2024-09-24,"06_037_4009",6.6291665,33.793713,-118.171019
"1590",2024-09-24,"06_037_9035",3.4083335,34.725389,-118.178601
"1591",2024-09-25,"06_037_1103",15.3402776666667,34.06659,-118.22688
"1592",2024-09-25,"06_037_1302",8.238889,33.901389,-118.205
"1593",2024-09-25,"06_037_4008",9.49841266666667,33.859662,-118.200707
"1594",2024-09-25,"06_037_4009",9.8270835,33.793713,-118.171019
"1595",2024-09-25,"06_037_9035",4.2458335,34.725389,-118.178601
"1596",2024-09-26,"06_037_1103",12.2069443333333,34.06659,-118.22688
"1597",2024-09-26,"06_037_1302",10.0434783333333,33.901389,-118.205
"1598",2024-09-26,"06_037_4008",11.7,33.859662,-118.200707
"1599",2024-09-26,"06_037_4009",5.5395835,33.793713,-118.171019
"1600",2024-09-26,"06_037_9035",6.0454545,34.725389,-118.178601
"1601",2024-09-27,"06_037_1103",14.78636375,34.06659,-118.22688
"1602",2024-09-27,"06_037_1201",11.7,34.19925,-118.53276
"1603",2024-09-27,"06_037_1302",12.2416666666667,33.901389,-118.205
"1604",2024-09-27,"06_037_1602",16.1,34.01029,-118.0685
"1605",2024-09-27,"06_037_2005",12,34.1326,-118.1272
"1606",2024-09-27,"06_037_4008",13.6472223333333,33.859662,-118.200707
"1607",2024-09-27,"06_037_4009",10.8208333333333,33.793713,-118.171019
"1608",2024-09-27,"06_037_9035",4.9291665,34.725389,-118.178601
"1609",2024-09-28,"06_037_1103",16.3666666666667,34.06659,-118.22688
"1610",2024-09-28,"06_037_1302",13.388889,33.901389,-118.205
"1611",2024-09-28,"06_037_4008",13.511111,33.859662,-118.200707
"1612",2024-09-28,"06_037_4009",12.1229165,33.793713,-118.171019
"1613",2024-09-28,"06_037_9035",6.4291665,34.725389,-118.178601
"1614",2024-09-29,"06_037_1103",12.9972223333333,34.06659,-118.22688
"1615",2024-09-29,"06_037_1302",10.2208333333333,33.901389,-118.205
"1616",2024-09-29,"06_037_4008",10.4319443333333,33.859662,-118.200707
"1617",2024-09-29,"06_037_4009",9.2,33.793713,-118.171019
"1618",2024-09-29,"06_037_9035",9.3375,34.725389,-118.178601
"1619",2024-09-30,"06_037_1103",17.386111,34.06659,-118.22688
"1620",2024-09-30,"06_037_1201",11.2,34.19925,-118.53276
"1621",2024-09-30,"06_037_1302",20.1555556666667,33.901389,-118.205
"1622",2024-09-30,"06_037_1602",14.7,34.01029,-118.0685
"1623",2024-09-30,"06_037_2005",13.6,34.1326,-118.1272
"1624",2024-09-30,"06_037_4008",19.748611,33.859662,-118.200707
"1625",2024-09-30,"06_037_4009",14.6166665,33.793713,-118.171019
"1626",2024-09-30,"06_037_9035",6.2041665,34.725389,-118.178601
"1627",2024-10-01,"06_037_1103",13.148611,34.06659,-118.22688
"1628",2024-10-01,"06_037_1302",12.401389,33.901389,-118.205
"1629",2024-10-01,"06_037_4008",14.1430556666667,33.859662,-118.200707
"1630",2024-10-01,"06_037_4009",10.740476,33.793713,-118.171019
"1631",2024-10-01,"06_037_9035",4.8375,34.725389,-118.178601
"1632",2024-10-02,"06_037_1103",16.0083333333333,34.06659,-118.22688
"1633",2024-10-02,"06_037_1302",11.44375,33.901389,-118.205
"1634",2024-10-02,"06_037_4008",13.5479165,33.859662,-118.200707
"1635",2024-10-02,"06_037_4009",10.01875,33.793713,-118.171019
"1636",2024-10-02,"06_037_9035",6.3166665,34.725389,-118.178601
"1637",2024-10-03,"06_037_1103",18.21145825,34.06659,-118.22688
"1638",2024-10-03,"06_037_1201",14.7,34.19925,-118.53276
"1639",2024-10-03,"06_037_1302",9.7291665,33.901389,-118.205
"1640",2024-10-03,"06_037_1602",13.1,34.01029,-118.0685
"1641",2024-10-03,"06_037_2005",15,34.1326,-118.1272
"1642",2024-10-03,"06_037_4008",9.238889,33.859662,-118.200707
"1643",2024-10-03,"06_037_4009",5.90634933333333,33.793713,-118.171019
"1644",2024-10-03,"06_037_9035",7.0208335,34.725389,-118.178601
"1645",2024-10-04,"06_037_1103",20.8569443333333,34.06659,-118.22688
"1646",2024-10-04,"06_037_1302",15.725,33.901389,-118.205
"1647",2024-10-04,"06_037_4008",16.1291666666667,33.859662,-118.200707
"1648",2024-10-04,"06_037_4009",9.9145835,33.793713,-118.171019
"1649",2024-10-04,"06_037_9035",5.725,34.725389,-118.178601
"1650",2024-10-05,"06_037_1103",20.4208333333333,34.06659,-118.22688
"1651",2024-10-05,"06_037_1302",18.2,33.901389,-118.205
"1652",2024-10-05,"06_037_4008",19.261111,33.859662,-118.200707
"1653",2024-10-05,"06_037_4009",17.2145835,33.793713,-118.171019
"1654",2024-10-05,"06_037_9035",7.3166665,34.725389,-118.178601
"1655",2024-10-06,"06_037_1103",18.9097223333333,34.06659,-118.22688
"1656",2024-10-06,"06_037_1201",11.5,34.19925,-118.53276
"1657",2024-10-06,"06_037_1302",16.4277776666667,33.901389,-118.205
"1658",2024-10-06,"06_037_1602",15.5,34.01029,-118.0685
"1659",2024-10-06,"06_037_2005",12.2,34.1326,-118.1272
"1660",2024-10-06,"06_037_4008",14.288889,33.859662,-118.200707
"1661",2024-10-06,"06_037_4009",15.34375,33.793713,-118.171019
"1662",2024-10-06,"06_037_9035",5.5208335,34.725389,-118.178601
"1663",2024-10-07,"06_037_1103",15.763889,34.06659,-118.22688
"1664",2024-10-07,"06_037_1302",12.6944443333333,33.901389,-118.205
"1665",2024-10-07,"06_037_4008",12.363889,33.859662,-118.200707
"1666",2024-10-07,"06_037_4009",15.3291665,33.793713,-118.171019
"1667",2024-10-07,"06_037_9035",7.0416665,34.725389,-118.178601
"1668",2024-10-08,"06_037_1103",14.263889,34.06659,-118.22688
"1669",2024-10-08,"06_037_1302",15.7208333333333,33.901389,-118.205
"1670",2024-10-08,"06_037_4008",15.5930556666667,33.859662,-118.200707
"1671",2024-10-08,"06_037_4009",16.325,33.793713,-118.171019
"1672",2024-10-08,"06_037_9035",5.7041665,34.725389,-118.178601
"1673",2024-10-09,"06_037_1103",27.64166675,34.06659,-118.22688
"1674",2024-10-09,"06_037_1201",12,34.19925,-118.53276
"1675",2024-10-09,"06_037_1302",22.2069443333333,33.901389,-118.205
"1676",2024-10-09,"06_037_1602",23.5,34.01029,-118.0685
"1677",2024-10-09,"06_037_2005",16.6,34.1326,-118.1272
"1678",2024-10-09,"06_037_4008",25.0430556666667,33.859662,-118.200707
"1679",2024-10-09,"06_037_4009",18.5305556666667,33.793713,-118.171019
"1680",2024-10-09,"06_037_9035",8.345652,34.725389,-118.178601
"1681",2024-10-10,"06_037_1103",32.7555556666667,34.06659,-118.22688
"1682",2024-10-10,"06_037_1302",20.8757576666667,33.901389,-118.205
"1683",2024-10-10,"06_037_4008",18.130303,33.859662,-118.200707
"1684",2024-10-10,"06_037_4009",12.04375,33.793713,-118.171019
"1685",2024-10-10,"06_037_9035",8.4291665,34.725389,-118.178601
"1686",2024-10-11,"06_037_1103",17.7319443333333,34.06659,-118.22688
"1687",2024-10-11,"06_037_1302",19.4680556666667,33.901389,-118.205
"1688",2024-10-11,"06_037_4008",19.65,33.859662,-118.200707
"1689",2024-10-11,"06_037_4009",15.6416665,33.793713,-118.171019
"1690",2024-10-11,"06_037_9035",5.9291665,34.725389,-118.178601
"1691",2024-10-12,"06_037_1103",21.0152776666667,34.06659,-118.22688
"1692",2024-10-12,"06_037_1201",11,34.19925,-118.53276
"1693",2024-10-12,"06_037_1302",15.5583333333333,33.901389,-118.205
"1694",2024-10-12,"06_037_1602",14.3,34.01029,-118.0685
"1695",2024-10-12,"06_037_2005",14.6,34.1326,-118.1272
"1696",2024-10-12,"06_037_4008",14.1083333333333,33.859662,-118.200707
"1697",2024-10-12,"06_037_4009",10.40625,33.793713,-118.171019
"1698",2024-10-12,"06_037_9035",4.9083335,34.725389,-118.178601
"1699",2024-10-13,"06_037_1103",17.2180556666667,34.06659,-118.22688
"1700",2024-10-13,"06_037_1302",9.80972233333333,33.901389,-118.205
"1701",2024-10-13,"06_037_4008",10.1194443333333,33.859662,-118.200707
"1702",2024-10-13,"06_037_4009",7.2375,33.793713,-118.171019
"1703",2024-10-13,"06_037_9035",6,34.725389,-118.178601
"1704",2024-10-14,"06_037_1103",13.526389,34.06659,-118.22688
"1705",2024-10-14,"06_037_1302",8.11666666666667,33.901389,-118.205
"1706",2024-10-14,"06_037_4008",8.69444433333333,33.859662,-118.200707
"1707",2024-10-14,"06_037_4009",5.3208335,33.793713,-118.171019
"1708",2024-10-14,"06_037_9035",10.1333335,34.725389,-118.178601
"1709",2024-10-15,"06_037_1103",21.49166675,34.06659,-118.22688
"1710",2024-10-15,"06_037_1201",18.5,34.19925,-118.53276
"1711",2024-10-15,"06_037_1302",14.263889,33.901389,-118.205
"1712",2024-10-15,"06_037_1602",19.1,34.01029,-118.0685
"1713",2024-10-15,"06_037_2005",23.4,34.1326,-118.1272
"1714",2024-10-15,"06_037_4008",13.676389,33.859662,-118.200707
"1715",2024-10-15,"06_037_4009",8.273611,33.793713,-118.171019
"1716",2024-10-15,"06_037_9035",7.4291665,34.725389,-118.178601
"1717",2024-10-16,"06_037_1103",22.9625,34.06659,-118.22688
"1718",2024-10-16,"06_037_1302",9.461111,33.901389,-118.205
"1719",2024-10-16,"06_037_4008",8.688889,33.859662,-118.200707
"1720",2024-10-16,"06_037_4009",6.3083335,33.793713,-118.171019
"1721",2024-10-16,"06_037_9035",10.0208335,34.725389,-118.178601
"1722",2024-10-17,"06_037_1103",10.1666666666667,34.06659,-118.22688
"1723",2024-10-17,"06_037_1302",8.06086966666667,33.901389,-118.205
"1724",2024-10-17,"06_037_4008",10.5708333333333,33.859662,-118.200707
"1725",2024-10-17,"06_037_4009",7.5479165,33.793713,-118.171019
"1726",2024-10-17,"06_037_9035",5.7458335,34.725389,-118.178601
"1727",2024-10-18,"06_037_1103",11.4291665,34.06659,-118.22688
"1728",2024-10-18,"06_037_1201",4.2,34.19925,-118.53276
"1729",2024-10-18,"06_037_1302",8.81944433333333,33.901389,-118.205
"1730",2024-10-18,"06_037_1602",9.5,34.01029,-118.0685
"1731",2024-10-18,"06_037_2005",6.9,34.1326,-118.1272
"1732",2024-10-18,"06_037_4008",10.342029,33.859662,-118.200707
"1733",2024-10-18,"06_037_4009",11.14375,33.793713,-118.171019
"1734",2024-10-18,"06_037_9035",4.6125,34.725389,-118.178601
"1735",2024-10-19,"06_037_1103",10.8375,34.06659,-118.22688
"1736",2024-10-19,"06_037_1302",13.557971,33.901389,-118.205
"1737",2024-10-19,"06_037_4008",14.8208333333333,33.859662,-118.200707
"1738",2024-10-19,"06_037_4009",13.4145835,33.793713,-118.171019
"1739",2024-10-19,"06_037_9035",5.2458335,34.725389,-118.178601
"1740",2024-10-20,"06_037_1103",11.04375,34.06659,-118.22688
"1741",2024-10-20,"06_037_1302",13.388889,33.901389,-118.205
"1742",2024-10-20,"06_037_4008",13.911111,33.859662,-118.200707
"1743",2024-10-20,"06_037_4009",16.14375,33.793713,-118.171019
"1744",2024-10-20,"06_037_9035",2.7041665,34.725389,-118.178601
"1745",2024-10-21,"06_037_1103",11.0222223333333,34.06659,-118.22688
"1746",2024-10-21,"06_037_1201",7.1,34.19925,-118.53276
"1747",2024-10-21,"06_037_1302",13.063889,33.901389,-118.205
"1748",2024-10-21,"06_037_1602",13.4,34.01029,-118.0685
"1749",2024-10-21,"06_037_2005",8.6,34.1326,-118.1272
"1750",2024-10-21,"06_037_4008",14.3902776666667,33.859662,-118.200707
"1751",2024-10-21,"06_037_4009",12.1847223333333,33.793713,-118.171019
"1752",2024-10-21,"06_037_9035",3.5208335,34.725389,-118.178601
"1753",2024-10-22,"06_037_1103",12.6333335,34.06659,-118.22688
"1754",2024-10-22,"06_037_1302",12.7805556666667,33.901389,-118.205
"1755",2024-10-22,"06_037_4008",17.7972223333333,33.859662,-118.200707
"1756",2024-10-22,"06_037_4009",11.83125,33.793713,-118.171019
"1757",2024-10-22,"06_037_9035",4.3375,34.725389,-118.178601
"1758",2024-10-23,"06_037_1103",15.4395835,34.06659,-118.22688
"1759",2024-10-23,"06_037_1302",14.5069443333333,33.901389,-118.205
"1760",2024-10-23,"06_037_4008",17.676389,33.859662,-118.200707
"1761",2024-10-23,"06_037_4009",12.4375,33.793713,-118.171019
"1762",2024-10-23,"06_037_9035",4.323913,34.725389,-118.178601
"1763",2024-10-24,"06_037_1103",19.4416666666667,34.06659,-118.22688
"1764",2024-10-24,"06_037_1201",10.7,34.19925,-118.53276
"1765",2024-10-24,"06_037_1302",16.6,33.901389,-118.205
"1766",2024-10-24,"06_037_1602",17.7,34.01029,-118.0685
"1767",2024-10-24,"06_037_2005",11,34.1326,-118.1272
"1768",2024-10-24,"06_037_4008",16.1819443333333,33.859662,-118.200707
"1769",2024-10-24,"06_037_4009",10.5395835,33.793713,-118.171019
"1770",2024-10-24,"06_037_9035",5.5416665,34.725389,-118.178601
"1771",2024-10-25,"06_037_1103",23.3680556666667,34.06659,-118.22688
"1772",2024-10-25,"06_037_1302",20.4902776666667,33.901389,-118.205
"1773",2024-10-25,"06_037_4008",21.2041665,33.859662,-118.200707
"1774",2024-10-25,"06_037_4009",11.4354165,33.793713,-118.171019
"1775",2024-10-25,"06_037_9035",4.3166665,34.725389,-118.178601
"1776",2024-10-26,"06_037_1103",18.438889,34.06659,-118.22688
"1777",2024-10-26,"06_037_1302",16.9944443333333,33.901389,-118.205
"1778",2024-10-26,"06_037_4008",16.6041665,33.859662,-118.200707
"1779",2024-10-26,"06_037_4009",12.24375,33.793713,-118.171019
"1780",2024-10-26,"06_037_9035",5.7458335,34.725389,-118.178601
"1781",2024-10-27,"06_037_1103",19.78125,34.06659,-118.22688
"1782",2024-10-27,"06_037_1201",13.9,34.19925,-118.53276
"1783",2024-10-27,"06_037_1302",18.888889,33.901389,-118.205
"1784",2024-10-27,"06_037_1602",17.4,34.01029,-118.0685
"1785",2024-10-27,"06_037_2005",15.1,34.1326,-118.1272
"1786",2024-10-27,"06_037_4008",17.9229165,33.859662,-118.200707
"1787",2024-10-27,"06_037_4009",13.4694443333333,33.793713,-118.171019
"1788",2024-10-27,"06_037_9035",7.6125,34.725389,-118.178601
"1789",2024-10-28,"06_037_1103",11.0833333333333,34.06659,-118.22688
"1790",2024-10-28,"06_037_1302",8.136232,33.901389,-118.205
"1791",2024-10-28,"06_037_4008",10.2458335,33.859662,-118.200707
"1792",2024-10-28,"06_037_4009",8.01875,33.793713,-118.171019
"1793",2024-10-28,"06_037_9035",5.5,34.725389,-118.178601
"1794",2024-10-29,"06_037_1103",7.373611,34.06659,-118.22688
"1795",2024-10-29,"06_037_1302",8.84722233333333,33.901389,-118.205
"1796",2024-10-29,"06_037_4008",10.2208335,33.859662,-118.200707
"1797",2024-10-29,"06_037_4009",6.8145835,33.793713,-118.171019
"1798",2024-10-29,"06_037_9035",2.7041665,34.725389,-118.178601
"1799",2024-10-30,"06_037_1103",9.62916666666667,34.06659,-118.22688
"1800",2024-10-30,"06_037_1201",6.5,34.19925,-118.53276
"1801",2024-10-30,"06_037_1302",9.40277766666667,33.901389,-118.205
"1802",2024-10-30,"06_037_1602",9.5,34.01029,-118.0685
"1803",2024-10-30,"06_037_2005",5.3,34.1326,-118.1272
"1804",2024-10-30,"06_037_4008",11.1479165,33.859662,-118.200707
"1805",2024-10-30,"06_037_4009",8.4354165,33.793713,-118.171019
"1806",2024-10-30,"06_037_9035",3.1125,34.725389,-118.178601
"1807",2024-10-31,"06_037_1103",8.65694433333333,34.06659,-118.22688
"1808",2024-10-31,"06_037_1302",12.786111,33.901389,-118.205
"1809",2024-10-31,"06_037_4008",14.8791666666667,33.859662,-118.200707
"1810",2024-10-31,"06_037_4009",9.9458335,33.793713,-118.171019
"1811",2024-10-31,"06_037_9035",4.1333335,34.725389,-118.178601
"1812",2024-11-01,"06_037_1103",12.4375,34.06659,-118.22688
"1813",2024-11-01,"06_037_1302",12.7527776666667,33.901389,-118.205
"1814",2024-11-01,"06_037_4008",14.4166666666667,33.859662,-118.200707
"1815",2024-11-01,"06_037_4009",10.23125,33.793713,-118.171019
"1816",2024-11-01,"06_037_9035",6.8375,34.725389,-118.178601
"1817",2024-11-02,"06_037_1103",11.63333325,34.06659,-118.22688
"1818",2024-11-02,"06_037_1201",8.4,34.19925,-118.53276
"1819",2024-11-02,"06_037_1302",9.501389,33.901389,-118.205
"1820",2024-11-02,"06_037_1602",11,34.01029,-118.0685
"1821",2024-11-02,"06_037_2005",8.2,34.1326,-118.1272
"1822",2024-11-02,"06_037_4008",9.12222233333333,33.859662,-118.200707
"1823",2024-11-02,"06_037_4009",7.261111,33.793713,-118.171019
"1824",2024-11-02,"06_037_9035",5.2458335,34.725389,-118.178601
"1825",2024-11-03,"06_037_1103",5.85,34.06659,-118.22688
"1826",2024-11-03,"06_037_1302",6.32777766666667,33.901389,-118.205
"1827",2024-11-03,"06_037_4008",7.48055566666667,33.859662,-118.200707
"1828",2024-11-03,"06_037_4009",7.1270835,33.793713,-118.171019
"1829",2024-11-03,"06_037_9035",5.5,34.725389,-118.178601
"1830",2024-11-04,"06_037_1103",8.511111,34.06659,-118.22688
"1831",2024-11-04,"06_037_1302",9.68055566666667,33.901389,-118.205
"1832",2024-11-04,"06_037_4008",11.9430556666667,33.859662,-118.200707
"1833",2024-11-04,"06_037_4009",9.9270835,33.793713,-118.171019
"1834",2024-11-04,"06_037_9035",3.5208335,34.725389,-118.178601
"1835",2024-11-05,"06_037_1103",10.4208333333333,34.06659,-118.22688
"1836",2024-11-05,"06_037_1201",7.3,34.19925,-118.53276
"1837",2024-11-05,"06_037_1302",10.1875,33.901389,-118.205
"1838",2024-11-05,"06_037_1602",9.3,34.01029,-118.0685
"1839",2024-11-05,"06_037_2005",7,34.1326,-118.1272
"1840",2024-11-05,"06_037_4008",10.45,33.859662,-118.200707
"1841",2024-11-05,"06_037_4009",6.2104165,33.793713,-118.171019
"1842",2024-11-05,"06_037_9035",5.5,34.725389,-118.178601
"1843",2024-11-06,"06_037_1103",9.58472233333333,34.06659,-118.22688
"1844",2024-11-06,"06_037_1302",10.0458333333333,33.901389,-118.205
"1845",2024-11-06,"06_037_4008",11.7375,33.859662,-118.200707
"1846",2024-11-06,"06_037_4009",7.7375,33.793713,-118.171019
"1847",2024-11-06,"06_037_9035",10.647826,34.725389,-118.178601
"1848",2024-11-07,"06_037_1103",9.059649,34.06659,-118.22688
"1849",2024-11-07,"06_037_1302",11.136111,33.901389,-118.205
"1850",2024-11-07,"06_037_4008",13.213889,33.859662,-118.200707
"1851",2024-11-07,"06_037_4009",9.2041665,33.793713,-118.171019
"1852",2024-11-07,"06_037_9035",3.5,34.725389,-118.178601
"1853",2024-11-08,"06_037_1103",9.175,34.06659,-118.22688
"1854",2024-11-08,"06_037_1201",7.8,34.19925,-118.53276
"1855",2024-11-08,"06_037_1302",13.27971,33.901389,-118.205
"1856",2024-11-08,"06_037_1602",9.7,34.01029,-118.0685
"1857",2024-11-08,"06_037_2005",5.4,34.1326,-118.1272
"1858",2024-11-08,"06_037_4008",13.8083333333333,33.859662,-118.200707
"1859",2024-11-08,"06_037_4009",11.4333333333333,33.793713,-118.171019
"1860",2024-11-08,"06_037_9035",3.5,34.725389,-118.178601
"1861",2024-11-09,"06_037_1103",16.25,34.06659,-118.22688
"1862",2024-11-09,"06_037_1302",24.4416666666667,33.901389,-118.205
"1863",2024-11-09,"06_037_4008",21.6625,33.859662,-118.200707
"1864",2024-11-09,"06_037_4009",18.43125,33.793713,-118.171019
"1865",2024-11-09,"06_037_9035",5.2041665,34.725389,-118.178601
"1866",2024-11-10,"06_037_1103",24.0958333333333,34.06659,-118.22688
"1867",2024-11-10,"06_037_1302",38.0819443333333,33.901389,-118.205
"1868",2024-11-10,"06_037_4008",33.2097223333333,33.859662,-118.200707
"1869",2024-11-10,"06_037_4009",27.34375,33.793713,-118.171019
"1870",2024-11-10,"06_037_9035",6.8166665,34.725389,-118.178601
"1871",2024-11-11,"06_037_1103",20.4597223333333,34.06659,-118.22688
"1872",2024-11-11,"06_037_1201",11.6,34.19925,-118.53276
"1873",2024-11-11,"06_037_1302",24.7944443333333,33.901389,-118.205
"1874",2024-11-11,"06_037_1602",20.9,34.01029,-118.0685
"1875",2024-11-11,"06_037_2005",14.5,34.1326,-118.1272
"1876",2024-11-11,"06_037_4008",23.5305556666667,33.859662,-118.200707
"1877",2024-11-11,"06_037_4009",18.5416665,33.793713,-118.171019
"1878",2024-11-11,"06_037_9035",7.3375,34.725389,-118.178601
"1879",2024-11-12,"06_037_1103",9.08055566666667,34.06659,-118.22688
"1880",2024-11-12,"06_037_1302",9.95972233333333,33.901389,-118.205
"1881",2024-11-12,"06_037_4008",10.411111,33.859662,-118.200707
"1882",2024-11-12,"06_037_4009",8.40625,33.793713,-118.171019
"1883",2024-11-12,"06_037_9035",2.8166665,34.725389,-118.178601
"1884",2024-11-13,"06_037_1103",7.50277766666667,34.06659,-118.22688
"1885",2024-11-13,"06_037_1302",8.18194433333333,33.901389,-118.205
"1886",2024-11-13,"06_037_4008",10.3920633333333,33.859662,-118.200707
"1887",2024-11-13,"06_037_4009",9.0125,33.793713,-118.171019
"1888",2024-11-13,"06_037_9035",3,34.725389,-118.178601
"1889",2024-11-14,"06_037_1103",9.86041675,34.06659,-118.22688
"1890",2024-11-14,"06_037_1201",6.7,34.19925,-118.53276
"1891",2024-11-14,"06_037_1302",14.4777776666667,33.901389,-118.205
"1892",2024-11-14,"06_037_1602",12.7,34.01029,-118.0685
"1893",2024-11-14,"06_037_2005",6.7,34.1326,-118.1272
"1894",2024-11-14,"06_037_4008",16.3180556666667,33.859662,-118.200707
"1895",2024-11-14,"06_037_4009",13.252381,33.793713,-118.171019
"1896",2024-11-14,"06_037_9035",7.2041665,34.725389,-118.178601
"1897",2024-11-15,"06_037_1103",6.72916666666667,34.06659,-118.22688
"1898",2024-11-15,"06_037_1302",6.52777766666667,33.901389,-118.205
"1899",2024-11-15,"06_037_4008",8.40833333333333,33.859662,-118.200707
"1900",2024-11-15,"06_037_4009",8.183333,33.793713,-118.171019
"1901",2024-11-15,"06_037_9035",5,34.725389,-118.178601
"1902",2024-11-16,"06_037_1103",8.49722233333333,34.06659,-118.22688
"1903",2024-11-16,"06_037_1302",22.7902776666667,33.901389,-118.205
"1904",2024-11-16,"06_037_4008",13.6166666666667,33.859662,-118.200707
"1905",2024-11-16,"06_037_9035",5.7458335,34.725389,-118.178601
"1906",2024-11-17,"06_037_1103",7.81666666666667,34.06659,-118.22688
"1907",2024-11-17,"06_037_1201",5.4,34.19925,-118.53276
"1908",2024-11-17,"06_037_1302",17.4055556666667,33.901389,-118.205
"1909",2024-11-17,"06_037_1602",9.1,34.01029,-118.0685
"1910",2024-11-17,"06_037_2005",4.7,34.1326,-118.1272
"1911",2024-11-17,"06_037_4008",15.8916666666667,33.859662,-118.200707
"1912",2024-11-17,"06_037_9035",3.8375,34.725389,-118.178601
"1913",2024-11-18,"06_037_1103",13.0416666666667,34.06659,-118.22688
"1914",2024-11-18,"06_037_1302",13.3194443333333,33.901389,-118.205
"1915",2024-11-18,"06_037_4008",13.9666666666667,33.859662,-118.200707
"1916",2024-11-18,"06_037_9035",13.725,34.725389,-118.178601
"1917",2024-11-19,"06_037_1103",15.5395835,34.06659,-118.22688
"1918",2024-11-19,"06_037_1302",18.2805556666667,33.901389,-118.205
"1919",2024-11-19,"06_037_4008",19.8277776666667,33.859662,-118.200707
"1920",2024-11-19,"06_037_9035",5.7041665,34.725389,-118.178601
"1921",2024-11-20,"06_037_1103",11.46354175,34.06659,-118.22688
"1922",2024-11-20,"06_037_1201",10.7,34.19925,-118.53276
"1923",2024-11-20,"06_037_1302",17.75873,33.901389,-118.205
"1924",2024-11-20,"06_037_1602",12,34.01029,-118.0685
"1925",2024-11-20,"06_037_2005",5.4,34.1326,-118.1272
"1926",2024-11-20,"06_037_4008",16.8472223333333,33.859662,-118.200707
"1927",2024-11-20,"06_037_4009",15.7566665,33.793713,-118.171019
"1928",2024-11-20,"06_037_9035",4.4391305,34.725389,-118.178601
"1929",2024-11-21,"06_037_1103",10.7777776666667,34.06659,-118.22688
"1930",2024-11-21,"06_037_1302",18.6847223333333,33.901389,-118.205
"1931",2024-11-21,"06_037_4008",19.9458333333333,33.859662,-118.200707
"1932",2024-11-21,"06_037_4009",14.54375,33.793713,-118.171019
"1933",2024-11-21,"06_037_9035",5.0416665,34.725389,-118.178601
"1934",2024-11-22,"06_037_1103",14.7222223333333,34.06659,-118.22688
"1935",2024-11-22,"06_037_1302",20.6180556666667,33.901389,-118.205
"1936",2024-11-22,"06_037_4008",19.8680556666667,33.859662,-118.200707
"1937",2024-11-22,"06_037_4009",12.7083335,33.793713,-118.171019
"1938",2024-11-22,"06_037_9035",4.9083335,34.725389,-118.178601
"1939",2024-11-23,"06_037_1103",17.2277776666667,34.06659,-118.22688
"1940",2024-11-23,"06_037_1201",14.4,34.19925,-118.53276
"1941",2024-11-23,"06_037_1302",17.0555556666667,33.901389,-118.205
"1942",2024-11-23,"06_037_1602",19.8,34.01029,-118.0685
"1943",2024-11-23,"06_037_2005",15.9,34.1326,-118.1272
"1944",2024-11-23,"06_037_4008",17.9902776666667,33.859662,-118.200707
"1945",2024-11-23,"06_037_4009",12.7208335,33.793713,-118.171019
"1946",2024-11-23,"06_037_9035",2.5416665,34.725389,-118.178601
"1947",2024-11-24,"06_037_1103",7.76666666666667,34.06659,-118.22688
"1948",2024-11-24,"06_037_1302",5.95694433333333,33.901389,-118.205
"1949",2024-11-24,"06_037_4008",4.68333333333333,33.859662,-118.200707
"1950",2024-11-24,"06_037_4009",2.925,33.793713,-118.171019
"1951",2024-11-24,"06_037_9035",2.4083335,34.725389,-118.178601
"1952",2024-11-25,"06_037_1103",13.8916666666667,34.06659,-118.22688
"1953",2024-11-25,"06_037_1302",21.248611,33.901389,-118.205
"1954",2024-11-25,"06_037_4008",20.7347223333333,33.859662,-118.200707
"1955",2024-11-25,"06_037_4009",16.2041665,33.793713,-118.171019
"1956",2024-11-25,"06_037_9035",3.2458335,34.725389,-118.178601
"1957",2024-11-26,"06_037_1103",11.36354175,34.06659,-118.22688
"1958",2024-11-26,"06_037_1201",5,34.19925,-118.53276
"1959",2024-11-26,"06_037_1302",10.3555556666667,33.901389,-118.205
"1960",2024-11-26,"06_037_1602",12.9,34.01029,-118.0685
"1961",2024-11-26,"06_037_2005",9.1,34.1326,-118.1272
"1962",2024-11-26,"06_037_4008",9.136111,33.859662,-118.200707
"1963",2024-11-26,"06_037_4009",7.631884,33.793713,-118.171019
"1964",2024-11-26,"06_037_9035",1.0208335,34.725389,-118.178601
"1965",2024-11-27,"06_037_1103",9.411111,34.06659,-118.22688
"1966",2024-11-27,"06_037_1302",9.19166666666667,33.901389,-118.205
"1967",2024-11-27,"06_037_4008",8.72916666666667,33.859662,-118.200707
"1968",2024-11-27,"06_037_4009",6.84375,33.793713,-118.171019
"1969",2024-11-27,"06_037_9035",3.5416665,34.725389,-118.178601
"1970",2024-11-28,"06_037_1103",8.19583333333333,34.06659,-118.22688
"1971",2024-11-28,"06_037_1302",14.236111,33.901389,-118.205
"1972",2024-11-28,"06_037_4008",13.3805556666667,33.859662,-118.200707
"1973",2024-11-28,"06_037_4009",12.3125,33.793713,-118.171019
"1974",2024-11-28,"06_037_9035",2.8166665,34.725389,-118.178601
"1975",2024-11-29,"06_037_1103",8.30416666666667,34.06659,-118.22688
"1976",2024-11-29,"06_037_1201",4.5,34.19925,-118.53276
"1977",2024-11-29,"06_037_1302",10.7166666666667,33.901389,-118.205
"1978",2024-11-29,"06_037_1602",7.3,34.01029,-118.0685
"1979",2024-11-29,"06_037_2005",5.7,34.1326,-118.1272
"1980",2024-11-29,"06_037_4008",10.5152776666667,33.859662,-118.200707
"1981",2024-11-29,"06_037_4009",10.1416665,33.793713,-118.171019
"1982",2024-11-29,"06_037_9035",4.0208335,34.725389,-118.178601
"1983",2024-11-30,"06_037_1103",8.12777766666667,34.06659,-118.22688
"1984",2024-11-30,"06_037_1302",10.2458333333333,33.901389,-118.205
"1985",2024-11-30,"06_037_4008",9.1875,33.859662,-118.200707
"1986",2024-11-30,"06_037_4009",8.1291665,33.793713,-118.171019
"1987",2024-11-30,"06_037_9035",3.7041665,34.725389,-118.178601
"1988",2024-12-01,"06_037_1103",15.6916666666667,34.06659,-118.22688
"1989",2024-12-01,"06_037_1302",19.1319443333333,33.901389,-118.205
"1990",2024-12-01,"06_037_4008",17.948611,33.859662,-118.200707
"1991",2024-12-01,"06_037_4009",17.4375,33.793713,-118.171019
"1992",2024-12-01,"06_037_9035",3.725,34.725389,-118.178601
"1993",2024-12-02,"06_037_1103",16.740625,34.06659,-118.22688
"1994",2024-12-02,"06_037_1201",13,34.19925,-118.53276
"1995",2024-12-02,"06_037_1302",22.098611,33.901389,-118.205
"1996",2024-12-02,"06_037_1602",20.2,34.01029,-118.0685
"1997",2024-12-02,"06_037_2005",14.1,34.1326,-118.1272
"1998",2024-12-02,"06_037_4008",23.0625,33.859662,-118.200707
"1999",2024-12-02,"06_037_4009",23.6125,33.793713,-118.171019
"2000",2024-12-02,"06_037_9035",0.9291665,34.725389,-118.178601
"2001",2024-12-03,"06_037_1103",24.2555556666667,34.06659,-118.22688
"2002",2024-12-03,"06_037_1302",20.725,33.901389,-118.205
"2003",2024-12-03,"06_037_4008",21.2069443333333,33.859662,-118.200707
"2004",2024-12-03,"06_037_4009",16.5333335,33.793713,-118.171019
"2005",2024-12-03,"06_037_9035",1.2458335,34.725389,-118.178601
"2006",2024-12-04,"06_037_1103",40.6416666666667,34.06659,-118.22688
"2007",2024-12-04,"06_037_1302",26.3972223333333,33.901389,-118.205
"2008",2024-12-04,"06_037_4008",24.661111,33.859662,-118.200707
"2009",2024-12-04,"06_037_4009",17.6291665,33.793713,-118.171019
"2010",2024-12-04,"06_037_9035",2.4173915,34.725389,-118.178601
"2011",2024-12-05,"06_037_1103",48.6555556666667,34.06659,-118.22688
"2012",2024-12-05,"06_037_1201",43.1,34.19925,-118.53276
"2013",2024-12-05,"06_037_1302",39.3847223333333,33.901389,-118.205
"2014",2024-12-05,"06_037_1602",61.7,34.01029,-118.0685
"2015",2024-12-05,"06_037_2005",51.3,34.1326,-118.1272
"2016",2024-12-05,"06_037_4008",38.5625,33.859662,-118.200707
"2017",2024-12-05,"06_037_4009",33.2229165,33.793713,-118.171019
"2018",2024-12-05,"06_037_9035",4.302174,34.725389,-118.178601
"2019",2024-12-06,"06_037_1103",28.786111,34.06659,-118.22688
"2020",2024-12-06,"06_037_1302",34.4347223333333,33.901389,-118.205
"2021",2024-12-06,"06_037_4008",29.6069443333333,33.859662,-118.200707
"2022",2024-12-06,"06_037_4009",25.5083335,33.793713,-118.171019
"2023",2024-12-06,"06_037_9035",4.5208335,34.725389,-118.178601
"2024",2024-12-07,"06_037_1103",11.7722223333333,34.06659,-118.22688
"2025",2024-12-07,"06_037_1302",29.6833333333333,33.901389,-118.205
"2026",2024-12-07,"06_037_4008",26.5722223333333,33.859662,-118.200707
"2027",2024-12-07,"06_037_4009",25.4125,33.793713,-118.171019
"2028",2024-12-07,"06_037_9035",4.3375,34.725389,-118.178601
"2029",2024-12-08,"06_037_1103",17.303125,34.06659,-118.22688
"2030",2024-12-08,"06_037_1201",21,34.19925,-118.53276
"2031",2024-12-08,"06_037_1302",29.0208333333333,33.901389,-118.205
"2032",2024-12-08,"06_037_1602",19.6,34.01029,-118.0685
"2033",2024-12-08,"06_037_2005",13,34.1326,-118.1272
"2034",2024-12-08,"06_037_4008",26.1194443333333,33.859662,-118.200707
"2035",2024-12-08,"06_037_4009",20.798611,33.793713,-118.171019
"2036",2024-12-08,"06_037_9035",2.1333335,34.725389,-118.178601
"2037",2024-12-09,"06_037_1103",33.613889,34.06659,-118.22688
"2038",2024-12-09,"06_037_1302",25.1055556666667,33.901389,-118.205
"2039",2024-12-09,"06_037_4008",20.7625,33.859662,-118.200707
"2040",2024-12-09,"06_037_4009",16.225,33.793713,-118.171019
"2041",2024-12-09,"06_037_9035",2.9291665,34.725389,-118.178601
"2042",2024-12-10,"06_037_1103",15.4319443333333,34.06659,-118.22688
"2043",2024-12-10,"06_037_1302",24.3083333333333,33.901389,-118.205
"2044",2024-12-10,"06_037_4008",24.9291666666667,33.859662,-118.200707
"2045",2024-12-10,"06_037_4009",15.7416665,33.793713,-118.171019
"2046",2024-12-10,"06_037_9035",4.1125,34.725389,-118.178601
"2047",2024-12-11,"06_037_1103",7.42,34.06659,-118.22688
"2048",2024-12-11,"06_037_1201",8.9,34.19925,-118.53276
"2049",2024-12-11,"06_037_1302",12.911111,33.901389,-118.205
"2050",2024-12-11,"06_037_1602",10.1,34.01029,-118.0685
"2051",2024-12-11,"06_037_2005",7.8,34.1326,-118.1272
"2052",2024-12-11,"06_037_4008",12.1722223333333,33.859662,-118.200707
"2053",2024-12-11,"06_037_4009",11.3430556666667,33.793713,-118.171019
"2054",2024-12-11,"06_037_9035",1.125,34.725389,-118.178601
"2055",2024-12-12,"06_037_1103",10.2305556666667,34.06659,-118.22688
"2056",2024-12-12,"06_037_1302",14.673611,33.901389,-118.205
"2057",2024-12-12,"06_037_4008",16.475,33.859662,-118.200707
"2058",2024-12-12,"06_037_4009",19.6214285,33.793713,-118.171019
"2059",2024-12-13,"06_037_1103",15.8125,34.06659,-118.22688
"2060",2024-12-13,"06_037_1302",17.7833333333333,33.901389,-118.205
"2061",2024-12-13,"06_037_4008",15.8125,33.859662,-118.200707
"2062",2024-12-13,"06_037_4009",12.1458335,33.793713,-118.171019
"2063",2024-12-14,"06_037_1103",14.40104175,34.06659,-118.22688
"2064",2024-12-14,"06_037_1201",11,34.19925,-118.53276
"2065",2024-12-14,"06_037_1302",19.245652,33.901389,-118.205
"2066",2024-12-14,"06_037_1602",18,34.01029,-118.0685
"2067",2024-12-14,"06_037_2005",12.1,34.1326,-118.1272
"2068",2024-12-14,"06_037_4008",18.7069443333333,33.859662,-118.200707
"2069",2024-12-14,"06_037_4009",16.4375,33.793713,-118.171019
"2070",2024-12-15,"06_037_1103",17.2083333333333,34.06659,-118.22688
"2071",2024-12-15,"06_037_1302",20.1458335,33.901389,-118.205
"2072",2024-12-15,"06_037_4008",18.6694443333333,33.859662,-118.200707
"2073",2024-12-15,"06_037_4009",15.225,33.793713,-118.171019
"2074",2024-12-16,"06_037_1103",12.0791666666667,34.06659,-118.22688
"2075",2024-12-16,"06_037_1302",18.6375,33.901389,-118.205
"2076",2024-12-16,"06_037_4008",19.5152776666667,33.859662,-118.200707
"2077",2024-12-16,"06_037_4009",22.6386365,33.793713,-118.171019
"2078",2024-12-16,"06_037_9035",3.692308,34.725389,-118.178601
"2079",2024-12-17,"06_037_1103",17.33125,34.06659,-118.22688
"2080",2024-12-17,"06_037_1201",6.4,34.19925,-118.53276
"2081",2024-12-17,"06_037_1302",20.2166665,33.901389,-118.205
"2082",2024-12-17,"06_037_1602",18.8,34.01029,-118.0685
"2083",2024-12-17,"06_037_2005",9.6,34.1326,-118.1272
"2084",2024-12-17,"06_037_4008",22.420635,33.859662,-118.200707
"2085",2024-12-17,"06_037_4009",18.11875,33.793713,-118.171019
"2086",2024-12-17,"06_037_9035",1.9083335,34.725389,-118.178601
"2087",2024-12-18,"06_037_1103",10.7319443333333,34.06659,-118.22688
"2088",2024-12-18,"06_037_1302",20.109524,33.901389,-118.205
"2089",2024-12-18,"06_037_4008",19.888889,33.859662,-118.200707
"2090",2024-12-18,"06_037_4009",19.81875,33.793713,-118.171019
"2091",2024-12-18,"06_037_9035",1.4083335,34.725389,-118.178601
"2092",2024-12-19,"06_037_1103",14.925,34.06659,-118.22688
"2093",2024-12-19,"06_037_1302",14.7680556666667,33.901389,-118.205
"2094",2024-12-19,"06_037_4008",10.4805556666667,33.859662,-118.200707
"2095",2024-12-19,"06_037_4009",5.3479165,33.793713,-118.171019
"2096",2024-12-19,"06_037_9035",0.0208335,34.725389,-118.178601
"2097",2024-12-20,"06_037_1103",32.39166675,34.06659,-118.22688
"2098",2024-12-20,"06_037_1201",20.3,34.19925,-118.53276
"2099",2024-12-20,"06_037_1302",24.1152776666667,33.901389,-118.205
"2100",2024-12-20,"06_037_1602",30.4,34.01029,-118.0685
"2101",2024-12-20,"06_037_2005",24.6,34.1326,-118.1272
"2102",2024-12-20,"06_037_4008",23.1507246666667,33.859662,-118.200707
"2103",2024-12-20,"06_037_4009",20.5222223333333,33.793713,-118.171019
"2104",2024-12-20,"06_037_9035",1.5,34.725389,-118.178601
"2105",2024-12-21,"06_037_1103",26.3541666666667,34.06659,-118.22688
"2106",2024-12-21,"06_037_1302",18.0958333333333,33.901389,-118.205
"2107",2024-12-21,"06_037_4008",15.552174,33.859662,-118.200707
"2108",2024-12-21,"06_037_4009",12.9041665,33.793713,-118.171019
"2109",2024-12-21,"06_037_9035",1.4291665,34.725389,-118.178601
"2110",2024-12-22,"06_037_1103",32.538889,34.06659,-118.22688
"2111",2024-12-22,"06_037_1302",28.4680556666667,33.901389,-118.205
"2112",2024-12-22,"06_037_4008",23.1194443333333,33.859662,-118.200707
"2113",2024-12-22,"06_037_4009",21.9125,33.793713,-118.171019
"2114",2024-12-22,"06_037_9035",3.1333335,34.725389,-118.178601
"2115",2024-12-23,"06_037_1103",40.698611,34.06659,-118.22688
"2116",2024-12-23,"06_037_1201",40.5,34.19925,-118.53276
"2117",2024-12-23,"06_037_1302",35.086111,33.901389,-118.205
"2118",2024-12-23,"06_037_1602",37.7,34.01029,-118.0685
"2119",2024-12-23,"06_037_2005",42.4,34.1326,-118.1272
"2120",2024-12-23,"06_037_4008",29.436111,33.859662,-118.200707
"2121",2024-12-23,"06_037_4009",22.1229165,33.793713,-118.171019
"2122",2024-12-23,"06_037_9035",0.5208335,34.725389,-118.178601
"2123",2024-12-24,"06_037_1103",28.9375,34.06659,-118.22688
"2124",2024-12-24,"06_037_1302",40.6930556666667,33.901389,-118.205
"2125",2024-12-24,"06_037_4008",27.4270835,33.859662,-118.200707
"2126",2024-12-24,"06_037_4009",20.5166665,33.793713,-118.171019
"2127",2024-12-24,"06_037_9035",6.411765,34.725389,-118.178601
"2128",2024-12-25,"06_037_1103",11.5680556666667,34.06659,-118.22688
"2129",2024-12-25,"06_037_1302",24.4694443333333,33.901389,-118.205
"2130",2024-12-25,"06_037_4008",19.8145835,33.859662,-118.200707
"2131",2024-12-25,"06_037_4009",15.6041665,33.793713,-118.171019
"2132",2024-12-25,"06_037_9035",1.1333335,34.725389,-118.178601
"2133",2024-12-26,"06_037_1103",14.60416675,34.06659,-118.22688
"2134",2024-12-26,"06_037_1201",11.5,34.19925,-118.53276
"2135",2024-12-26,"06_037_1302",20.9083333333333,33.901389,-118.205
"2136",2024-12-26,"06_037_1602",15.5,34.01029,-118.0685
"2137",2024-12-26,"06_037_2005",12,34.1326,-118.1272
"2138",2024-12-26,"06_037_4008",18,33.859662,-118.200707
"2139",2024-12-26,"06_037_4009",14.1354165,33.793713,-118.171019
"2140",2024-12-26,"06_037_9035",1.333333,34.725389,-118.178601
"2141",2024-12-27,"06_037_1103",13.2277776666667,34.06659,-118.22688
"2142",2024-12-27,"06_037_1302",9.80416666666667,33.901389,-118.205
"2143",2024-12-27,"06_037_4008",10.328261,33.859662,-118.200707
"2144",2024-12-27,"06_037_4009",7.6354165,33.793713,-118.171019
"2145",2024-12-27,"06_037_9035",2.615385,34.725389,-118.178601
"2146",2024-12-28,"06_037_1103",21.1041666666667,34.06659,-118.22688
"2147",2024-12-28,"06_037_1302",23.273611,33.901389,-118.205
"2148",2024-12-28,"06_037_4008",16.8229165,33.859662,-118.200707
"2149",2024-12-28,"06_037_4009",22.5375,33.793713,-118.171019
"2150",2024-12-28,"06_037_9035",1.1,34.725389,-118.178601
"2151",2024-12-29,"06_037_1103",23.9694443333333,34.06659,-118.22688
"2152",2024-12-29,"06_037_1201",24.8,34.19925,-118.53276
"2153",2024-12-29,"06_037_1302",29.9083333333333,33.901389,-118.205
"2154",2024-12-29,"06_037_1602",34.6,34.01029,-118.0685
"2155",2024-12-29,"06_037_2005",29.9,34.1326,-118.1272
"2156",2024-12-29,"06_037_4008",25.2166665,33.859662,-118.200707
"2157",2024-12-29,"06_037_4009",24.9291665,33.793713,-118.171019
"2158",2024-12-29,"06_037_9035",5,34.725389,-118.178601
"2159",2024-12-30,"06_037_1103",28.9347223333333,34.06659,-118.22688
"2160",2024-12-30,"06_037_1302",25.1666666666667,33.901389,-118.205
"2161",2024-12-30,"06_037_4008",21.70625,33.859662,-118.200707
"2162",2024-12-30,"06_037_4009",19.8375,33.793713,-118.171019
"2163",2024-12-30,"06_037_9035",2.345652,34.725389,-118.178601
"2164",2024-12-31,"06_037_1103",34.45,34.06659,-118.22688
"2165",2024-12-31,"06_037_1302",49.7597223333333,33.901389,-118.205
"2166",2024-12-31,"06_037_4008",40.5,33.859662,-118.200707
"2167",2024-12-31,"06_037_4009",43.8020835,33.793713,-118.171019
"2168",2024-12-31,"06_037_9035",2.3375,34.725389,-118.178601
